user,text,city,country,latitude,longitude
Marianac1620,Ma√±ana voy hacer la evaluaci√≥n de matem√°ticas con Diosito,N/A,N/A,N/A,N/A
Karol_abc28,"@LeandroS6789 Si, ser√© yo quien va perdiendo matem√°ticas jakakaja",N/A,N/A,N/A,N/A
BrandoPk123,"Se Suicido Cuaderno De Matematicas, Tenia Muchos Problemas üò•üò•üòÇüòÇ",N/A,N/A,N/A,N/A
GeluacLugo,Me ha gustado un v√≠deo de @YouTube (https://t.co/o8K8tyuVA2 - MATEM√ÅTICAS FINANCIERAS - Clases 3 - VAN Formulaci√≥n y C√°lculo,N/A,N/A,N/A,N/A
HobiHope180294,"@namtacos Tas bien. te baja un poco matem√°ticas, pero tas bien. :)",N/A,N/A,N/A,N/A
stf_ov,Matematicas*üò£ https://t.co/4Ugc8Fvlee,Medell√≠n,Colombia,N/A,N/A
kareenvicthoria,"Cosas que no entiendo:
‚ÄîLa qu√≠mica.
‚ÄîLa f√≠sica.
‚ÄîLas matem√°ticas.
‚ÄîEl porqu√© te fuiste de mi vida cuando m√°s te necesitaba.",N/A,N/A,N/A,N/A
noravia23,@maibortpetit Son ignorantes Maibort llegaron all√≠ al azar como los graduandos de bachilleres con matem√°ticas f√≠sic‚Ä¶ https://t.co/1HfMzO190E,N/A,N/A,N/A,N/A
proyectosRams,Las 10 mejores ideas de matem√°ticas para aprender jugando - Aprendiendo matem√°ticas | Matem√°tica Positiva https://t.co/u4EsdJzWAG,N/A,N/A,N/A,N/A
lorenaehl,por qu√© le tienen miedo a los ex√°menes de matem√°ticas(? haha,N/A,N/A,N/A,N/A
DANIELVERNA2,"@Miguel_Boggiano no convecino a nadie cambiando impuestos de lugar y bajando la presi√≥n impositiva en 5 a√±os o mas,‚Ä¶ https://t.co/WsChatAsM4",N/A,N/A,N/A,N/A
tatii69073883,me va a ir re mal en la integradora de Matem√°ticasüòùüòÇ,N/A,N/A,N/A,N/A
Karla_jimenez52,Hoy estaba exponiendo un tema de matem√°ticas y alguien atr√°s estornudo como puerco.que asco.que risaüòïü§£ü§£ü§£,N/A,N/A,N/A,N/A
Carolsteffany03,"Yo s√© que me ir√° mal en ingl√©s, y en matem√°ticas; tal vez tambi√©n en ciencias sociales, probablemente en ciencias n‚Ä¶ https://t.co/Nwdi3sQkpS",N/A,N/A,N/A,N/A
romcabrera,"@crdenas_joseph pero si est√°s tratando de NO hablar de matem√°ticas y f√≠sica, entonces la pl√°tica no creo que sea muy interesante.",N/A,N/A,N/A,N/A
NessThor_A,TIPO YO EN MATEMATICAS https://t.co/wl2P3RzH4G,N/A,N/A,N/A,N/A
thekeog24,Me gust√≥ un video de @YouTube https://t.co/OVWIyeDmwe MATEM√ÅTICAS,N/A,N/A,N/A,N/A
carla_solarte,Lo √∫nico que necesito en este momento es un novio que me ayude a pasar matem√°ticas :),N/A,N/A,N/A,N/A
vivmarquez,matematicas matematicas,"Bogot√°, D.C.",Colombia,N/A,N/A
__Mugiwaraa,En la Universidad uno se estrella y se da cuenta de que nada en la vida es f√°cil. Yo cre√≠a que ser profesor de mate‚Ä¶ https://t.co/KzxWdaVEgV,N/A,N/A,N/A,N/A
AinaraLucumi,"N√∫mero Pi, una curiosa cifra utilizada para casi todo #Matem√°ticas https://t.co/wNX0d9a9Gs",N/A,N/A,N/A,N/A
danielazam_,Viernes con V de val√≠ verga en matem√°ticas,N/A,N/A,N/A,N/A
AngelCabasC,"As√≠ es, pero los dem√°s tambien aprendimos a matem√°ticas. No hay un mal que un bien no traiga. Perder por conocer no‚Ä¶ https://t.co/oRsigKkXFj",N/A,N/A,N/A,N/A
Paaulandrea_,Tengo el parcial de matem√°ticasüòûüòû.,N/A,N/A,N/A,N/A
twoglouis,ahre que el a√±o que viene sigo teniendo matem√°ticas en la facu odio todo,N/A,N/A,N/A,N/A
paolavi1604,Aqu√≠ escuchando como se ofenden con vainas matem√°ticas.üòÇüòÇüòÇ,N/A,N/A,N/A,N/A
twoglouis,hoy fue mi √∫ltima clase de matem√°ticas chau chau chau chaauuuuuu,N/A,N/A,N/A,N/A
MariaMurillo87,Highlight del d√≠a: hoy tuve final de matem√°ticas y la profesora lo estaba calificando y vio que me equivoqu√© en una‚Ä¶ https://t.co/4kBfGPJTCU,N/A,N/A,N/A,N/A
Marianac1620,Ma√±ana voy hacer la evaluaci√≥n de matem√°ticas con Diosito,N/A,N/A,N/A,N/A
Karol_abc28,"@LeandroS6789 Si, ser√© yo quien va perdiendo matem√°ticas jakakaja",N/A,N/A,N/A,N/A
BrandoPk123,"Se Suicido Cuaderno De Matematicas, Tenia Muchos Problemas üò•üò•üòÇüòÇ",N/A,N/A,N/A,N/A
GeluacLugo,Me ha gustado un v√≠deo de @YouTube (https://t.co/o8K8tyuVA2 - MATEM√ÅTICAS FINANCIERAS - Clases 3 - VAN Formulaci√≥n y C√°lculo,N/A,N/A,N/A,N/A
HobiHope180294,"@namtacos Tas bien. te baja un poco matem√°ticas, pero tas bien. :)",N/A,N/A,N/A,N/A
stf_ov,Matematicas*üò£ https://t.co/4Ugc8Fvlee,Medell√≠n,Colombia,N/A,N/A
kareenvicthoria,"Cosas que no entiendo:
‚ÄîLa qu√≠mica.
‚ÄîLa f√≠sica.
‚ÄîLas matem√°ticas.
‚ÄîEl porqu√© te fuiste de mi vida cuando m√°s te necesitaba.",N/A,N/A,N/A,N/A
noravia23,@maibortpetit Son ignorantes Maibort llegaron all√≠ al azar como los graduandos de bachilleres con matem√°ticas f√≠sic‚Ä¶ https://t.co/1HfMzO190E,N/A,N/A,N/A,N/A
proyectosRams,Las 10 mejores ideas de matem√°ticas para aprender jugando - Aprendiendo matem√°ticas | Matem√°tica Positiva https://t.co/u4EsdJzWAG,N/A,N/A,N/A,N/A
lorenaehl,por qu√© le tienen miedo a los ex√°menes de matem√°ticas(? haha,N/A,N/A,N/A,N/A
DANIELVERNA2,"@Miguel_Boggiano no convecino a nadie cambiando impuestos de lugar y bajando la presi√≥n impositiva en 5 a√±os o mas,‚Ä¶ https://t.co/WsChatAsM4",N/A,N/A,N/A,N/A
tatii69073883,me va a ir re mal en la integradora de Matem√°ticasüòùüòÇ,N/A,N/A,N/A,N/A
Karla_jimenez52,Hoy estaba exponiendo un tema de matem√°ticas y alguien atr√°s estornudo como puerco.que asco.que risaüòïü§£ü§£ü§£,N/A,N/A,N/A,N/A
Carolsteffany03,"Yo s√© que me ir√° mal en ingl√©s, y en matem√°ticas; tal vez tambi√©n en ciencias sociales, probablemente en ciencias n‚Ä¶ https://t.co/Nwdi3sQkpS",N/A,N/A,N/A,N/A
romcabrera,"@crdenas_joseph pero si est√°s tratando de NO hablar de matem√°ticas y f√≠sica, entonces la pl√°tica no creo que sea muy interesante.",N/A,N/A,N/A,N/A
NessThor_A,TIPO YO EN MATEMATICAS https://t.co/wl2P3RzH4G,N/A,N/A,N/A,N/A
thekeog24,Me gust√≥ un video de @YouTube https://t.co/OVWIyeDmwe MATEM√ÅTICAS,N/A,N/A,N/A,N/A
carla_solarte,Lo √∫nico que necesito en este momento es un novio que me ayude a pasar matem√°ticas :),N/A,N/A,N/A,N/A
vivmarquez,matematicas matematicas,"Bogot√°, D.C.",Colombia,N/A,N/A
__Mugiwaraa,En la Universidad uno se estrella y se da cuenta de que nada en la vida es f√°cil. Yo cre√≠a que ser profesor de mate‚Ä¶ https://t.co/KzxWdaVEgV,N/A,N/A,N/A,N/A
AinaraLucumi,"N√∫mero Pi, una curiosa cifra utilizada para casi todo #Matem√°ticas https://t.co/wNX0d9a9Gs",N/A,N/A,N/A,N/A
danielazam_,Viernes con V de val√≠ verga en matem√°ticas,N/A,N/A,N/A,N/A
AngelCabasC,"As√≠ es, pero los dem√°s tambien aprendimos a matem√°ticas. No hay un mal que un bien no traiga. Perder por conocer no‚Ä¶ https://t.co/oRsigKkXFj",N/A,N/A,N/A,N/A
Paaulandrea_,Tengo el parcial de matem√°ticasüòûüòû.,N/A,N/A,N/A,N/A
twoglouis,ahre que el a√±o que viene sigo teniendo matem√°ticas en la facu odio todo,N/A,N/A,N/A,N/A
paolavi1604,Aqu√≠ escuchando como se ofenden con vainas matem√°ticas.üòÇüòÇüòÇ,N/A,N/A,N/A,N/A
twoglouis,hoy fue mi √∫ltima clase de matem√°ticas chau chau chau chaauuuuuu,N/A,N/A,N/A,N/A
MariaMurillo87,Highlight del d√≠a: hoy tuve final de matem√°ticas y la profesora lo estaba calificando y vio que me equivoqu√© en una‚Ä¶ https://t.co/4kBfGPJTCU,N/A,N/A,N/A,N/A
MariaMurillo87,Highlight del d√≠a: hoy tuve final de matem√°ticas y la profesora lo estaba calificando y vio que me equivoqu√© en una‚Ä¶ https://t.co/4kBfGPJTCU,N/A,N/A,N/A,N/A
CaamiCotoia,@Gracemazzola Y como a m√≠ en matem√°ticas,N/A,N/A,N/A,N/A
CastelMyPride,"Fue, tengo que hacer 10 oraciones para ingl√©s, tengo que hacer la fotocopia de matem√°ticas y de naturales y el resu‚Ä¶ https://t.co/gEfD4Cucr4",N/A,N/A,N/A,N/A
U_23581321,"@UnCharalRojo Y pues el mame es del tipo de: ""seguro son bi√≥logos porque no entend√≠an matem√°ticas"" jaja",N/A,N/A,N/A,N/A
aixaa17,Todav√≠a no caigo que me aprob√≥ el de matem√°ticas,N/A,N/A,N/A,N/A
ozonotelevision,"Colegio AIAPAEC, el colegio campe√≥n de matem√°ticas en Trujillo, alienta a la selecci√≥n peruana en el primer choque.‚Ä¶ https://t.co/dgha0fZDan",N/A,N/A,N/A,N/A
RoigIgnacio,Estas son las 12 ecuaciones matem√°ticas m√°s hermosas  https://t.co/D62WFEs9se via @sophimania,N/A,N/A,N/A,N/A
_CastilloHector,"Felicidades a Pablo Valeriano, estudiante santacatarinense y tercer mejor oro en M√©xico en la Olimpiada Nacional de‚Ä¶ https://t.co/a8VJbI9hRJ",N/A,N/A,N/A,N/A
xlittleeddie,matem√°ticas https://t.co/R1lgepg9x3,N/A,N/A,N/A,N/A
PerlaRuelas18,Muestra algo por lo que te sientas agradecido hoy. ‚Äî Que mi maestro de matem√°ticas ma haya valido mi trabajo con t‚Ä¶ https://t.co/EXwRrn5S5J,N/A,N/A,N/A,N/A
ximkaramsor,Ah no pero en lugar de eso ya saqu√© 5 en matem√°ticas por qu√© en lugar de prestar atenci√≥n a la clase me pongo a pen‚Ä¶ https://t.co/xMeYZGzHcD,N/A,N/A,N/A,N/A
RoxanaFadul,"N√∫mero Pi, una curiosa cifra utilizada para casi todo #Matem√°ticas https://t.co/MiuDPYSNVm",N/A,N/A,N/A,N/A
Aris28rd,@KevenYHensy Tan yo en Matem√°ticas uyy que dolor de cabeza.,N/A,N/A,N/A,N/A
hellsmyhead,el episodio de bart desesperado xq no quiere repetir de a√±o y por mas q lo intent√≥ reprob√≥ me hizo mal es yo con matem√°ticas,N/A,N/A,N/A,N/A
yuuhbraaz,consigo lembrar as letras de m√∫sicas de 2009 mas n√£o consigo lembrar f√≥rmulas matem√°ticas que aprendi semana passada na Videoaula.,N/A,N/A,N/A,N/A
bolopadron,"No se en que me va peor, si en matem√°ticas superiores o si en el amor",N/A,N/A,N/A,N/A
ESantosAragon,"Yo, cuando estudio matem√°ticas. https://t.co/ScX3MHU5Ua",N/A,N/A,N/A,N/A
Rivero12Dani,Estoy m√°s cerca de aprender matem√°ticas antes que a las mujeres,N/A,N/A,N/A,N/A
virtualarissa,@vitorleessa migo vc esta louco nas matematicas deus te livre,N/A,N/A,N/A,N/A
elmagister666,Yo dando clases de matem√°ticas #BuenViernes #Tips #TGIF https://t.co/9034tLp2fv,N/A,N/A,N/A,N/A
BarbagelataMkt,"Los matem√°ticos me odiar√°n por decir esto, pero antes de los ordenadores las matem√°ticas no eran muy √∫tiles para... https://t.co/HKtIITA3HN",N/A,N/A,N/A,N/A
Luis_10_MH,@bilmaone ...En wikipedia se dice que es machista decir que los hombre son mejores para las matem√°ticas que las muj‚Ä¶ https://t.co/K73YYh0Cyc,N/A,N/A,N/A,N/A
bntxart,Yo en Matem√°ticas https://t.co/npe5dkBBio,N/A,N/A,N/A,N/A
erika17li,"La cosa es que siempre he odiado las matem√°ticas, pero hoy deSpert√© con unas enormes ganas de resolver ecuaciones üòê wtf!!!",N/A,N/A,N/A,N/A
DrakeRajanj,"@CrisFK0 Por las matematicas, si miramos las probabilidaddes, existe un mayor pocentaje de haters de Dalas que son‚Ä¶ https://t.co/NyTTjFEXbD",N/A,N/A,N/A,N/A
carlalopez16_,por favor jesus ayudame a aprobar matem√°ticas y griego por favor te pidoooooooooo,N/A,N/A,N/A,N/A
AguusSchneider,Cuando lo haces aprobar matem√°ticas a tu novio https://t.co/8vatTpyANU,N/A,N/A,N/A,N/A
DatoFit,"N√∫mero Pi, una curiosa cifra utilizada para casi todo #Matem√°ticas https://t.co/KItCj6Ic9T",N/A,N/A,N/A,N/A
nicochirino75,Matematicas a diciembre üòëüòë,N/A,N/A,N/A,N/A
Cademyrd,"Curso de Matem√°ticas
Para Universitarios y Pre-universitarios
S√°b del 11 de Nov al S√°b 12 de Dic.
Horario 10:00am @‚Ä¶ https://t.co/4dsceJVHln",N/A,N/A,N/A,N/A
pumarecordakd,@GzRubbo @SantiRamirezOk @RacingManiacos Uno que de visitante al menos salga en b√∫squeda del gol y no salir a empat‚Ä¶ https://t.co/aKOiTVxLTV,N/A,N/A,N/A,N/A
CandeAbril26,@gaabriellyvf siii bldaaa!!! ingl√©s y matem√°ticas de segundo a√±o SEGUNDO A√ëO!!! Q ALGUIEN ME PEGUE UN TIRO,N/A,N/A,N/A,N/A
Marcos_delle,esto de tener 6 horas de matem√°ticas te explota la cien,N/A,N/A,N/A,N/A
juniodel78,"... cierto es que las matem√°ticas est√°n presentes en todo lo que nos rodea, pero en ciertas disciplinas de la vida,‚Ä¶ https://t.co/EQBFoFjzNT",N/A,N/A,N/A,N/A
Mcnuel99,"Querido examen de Temas selectos de matem√°ticas, la proxima vez que sean dos botes de vaselina.",N/A,N/A,N/A,N/A
ricardowec,La App que ayuda a que tus hijos puedan aprender matem√°ticas online https://t.co/oNonsuD9aV https://t.co/Oo43febYiw,N/A,N/A,N/A,N/A
doblaspenis,"00:00 sacar m√°s de 78 en el examen de matem√°ticas del lunes, PASAR TODAS LAS MATERIAS CHAB√ìN",N/A,N/A,N/A,N/A
Heey_Loirinha1,consigo lembrar as letras de m√∫sicas de 2009 mas n√£o consigo lembrar f√≥rmulas matem√°ticas que aprendi semana passada na escola,N/A,N/A,N/A,N/A
LizetteMtz2,"@ElJuanpaZurita 
Sobre todo el de matem√°ticas jajaja üòÇ https://t.co/ljWwtilaUL",N/A,N/A,N/A,N/A
jeOz_pr99,"Busca ayuda seria con matem√°ticas
#EXOlympics2018 
@weareoneEXO https://t.co/SbW8id3lnt",N/A,N/A,N/A,N/A
KarenDiazLima,@dcarbajal13 @RoyCampos Empecemos con TAZA y luego las matem√°ticas.,N/A,N/A,N/A,N/A
ContenidosAR,"N√∫mero Pi, una curiosa cifra utilizada para casi todo #Matem√°ticas https://t.co/ZCqcpLyUgP",N/A,N/A,N/A,N/A
Verosfom17,@Doelgomo @EstefanyMena3 @LauraVignatti @NadAldrama @minorFanita @alvaralai @mimifdez9 @AnaKaroUlloa‚Ä¶ https://t.co/peXbUIxSCj,N/A,N/A,N/A,N/A
_Vanessaz_,@FranklingRaul Haha tendr√≠as que estar m√°s cagado vos entoncesüòÇ el mio es de matem√°ticas,N/A,N/A,N/A,N/A
EstefanyMena3,@LauraVignatti @NadAldrama @minorFanita @alvaralai @mimifdez9 @AnaKaroUlloa @Doelgomo @Verosfom17 @DanielaYGabrie8‚Ä¶ https://t.co/JzWGJpjQfY,N/A,N/A,N/A,N/A
fetishrugge,"@lutteomysign matematicas uff pobre de ti
#CHONGOPERU4NO",N/A,N/A,N/A,N/A
didactalia24h,Aproximaciones. Matem√°ticas para 1 de Secundaria. #edu #ContenidosEducativos https://t.co/TWynZBoHEp,N/A,N/A,N/A,N/A
lutteomysign,@fetishrugge Morir√© de la tristeza y de colmo dos horas de matem√°ticas yo si me tirare de una terraza,N/A,N/A,N/A,N/A
thestarkill24,@nash_clive Jam√°s cre√≠ las matem√°ticas de la escuela me sirvieran para algo xd,N/A,N/A,N/A,N/A
vivmarquez,aqui casual. otro tuit de matematicas. ensayando. haciendo twitter scraping. #mevoyatirarmiconjuntodedatos jajaja.,"Bogot√°, D.C.",Colombia,N/A,N/A
Jimenacantu_1,Mi mam√° me dijo ‚Äúsi te aprendieras las cosas de matem√°ticas tan f√°cil como te aprendes la letra de las canciones se‚Ä¶ https://t.co/71Hi0REUXH,N/A,N/A,N/A,N/A
yeleniscf,Quiero saber como sal√≠ en mi √∫ltimo parcial de matem√°ticas ya que esto es algo de vida o muerte,N/A,N/A,N/A,N/A
Trinautas,"N√∫mero Pi, una curiosa cifra utilizada para casi todo #Matem√°ticas https://t.co/0GXGHleLQR",N/A,N/A,N/A,N/A
ToXicvioz,"@salsachirimoya @JuventudCASDF Fue la filosof√≠a que llev√≥ a crear las matem√°ticas
Creo",N/A,N/A,N/A,N/A
ChicoSimbar,Me comparan con mi nuevo profe de matematicas,N/A,N/A,N/A,N/A
karlazarrabal,"Necesito que alguien me explique matem√°ticas neta, mis alumnos son muy inteligentes y sus dudas sobrepasan mis habilidades matem√°ticas üò¢",N/A,N/A,N/A,N/A
TamiiMolina1,Ojala dios quiera me salga lo de matematicas porque ya me canse,N/A,N/A,N/A,N/A
_xhiioo,"Cosas que no entiendo:
‚ÄîLa qu√≠mica.
‚ÄîLa f√≠sica.
‚ÄîLas matem√°ticas.
‚ÄîEl porqu√© llora todo el d√≠a.",N/A,N/A,N/A,N/A
JulietaYJulieta,Cosas que no entiendo: ‚ÄîLa qu√≠mica ‚ÄîLa f√≠sica ‚ÄîLas matem√°ticas ‚ÄîEl porqu√© te fuiste de mi vida cuando m√°s te necesitaba. La √∫ltima üíî,N/A,N/A,N/A,N/A
lavara504,En la clase de matematicas no sabes ni dos mas dos pero en la clase del amon le ganas al profeso..,N/A,N/A,N/A,N/A
BrunoCornejo95,"Quiroga hijo de puta aprende matem√°ticas, este no es un buen resultado, el empate de 1-1 en adelante lo hace pasar a Nueva Zelanda",N/A,N/A,N/A,N/A
Frankvf711,Matem√°ticas üò•. https://t.co/5KZDO3pYkT,N/A,N/A,N/A,N/A
ProntuarioES,"N√∫mero Pi, una curiosa cifra utilizada para casi todo #Matem√°ticas https://t.co/MyUpNPJB0o",N/A,N/A,N/A,N/A
DreamMachine98,@CelestinaAIRBAG En mi caso la de matem√°ticas me mat√≥ la semana pasada. Ahora me faltan las dem√°s materias que odioüòß,N/A,N/A,N/A,N/A
Burbudella,"Que qu√© juegos tengo? Desde rompecabezas, memoria,sopas de letras,matem√°ticas, unir spots. Una jodona b√°rbara Raquelitah üòÅ",N/A,N/A,N/A,N/A
dianamonjardin,Real me va a ir de la chingada en matem√°ticas.,N/A,N/A,N/A,N/A
ednergranados,"Ayer part√≠ emocionado, de Misantla, Veracruz. Me emociona ver a un Tec de Misantla,  premios internacionales en Bio‚Ä¶ https://t.co/iJxcQcQ90G",Mexico,Mexico,N/A,N/A
gkatherin0610,Me va mejor en matem√°ticas que en el amor:/,N/A,N/A,N/A,N/A
rubenftskyes,Mi cabeza no est√° en est momento para matem√°ticas,N/A,N/A,N/A,N/A
BraccoGer_FanMx,Jajaja ese #Fede es muy t√≠mido con #Sabrina y dice q para ense√±arle matem√°ticas neta #Fede te pasas se m√°s impulsivo üíãüíñüòòüòç,N/A,N/A,N/A,N/A
KariOrtizAmp,Amo Matem√°ticas Financieras pero se pasaron con la gu√≠a  üò£üò£üò£,N/A,N/A,N/A,N/A
ClaraDollSong,Cuando alguien que me cae bien prefiere quedarse a platicar conmigo en vez de entrar a su clase de matem√°ticas uwu https://t.co/HoL7RcBOJo,Benito Ju√°rez,Mexico,N/A,N/A
exeo,@jordipasc2 @indyjoe69 @eltivipata @FrayJosepho Yo te respondo: En los p√∫blicos es todo en catal√°n y en el concerta‚Ä¶ https://t.co/qzH6MIsn0m,N/A,N/A,N/A,N/A
Gago1F,@fabibitan El problema en Educaci√≥n siempre es intentar achacar cualquier motivo a un solo hecho y eso es la estupi‚Ä¶ https://t.co/sGVXyU3cRM,N/A,N/A,N/A,N/A
victor_irr,"Razones trigonom√©tricas de tri√°ngulos especiales https://t.co/6HVECgmvoz
Ya se me estaba olvidando esto perramente üòìüìö #matem√°ticas #math",N/A,N/A,N/A,N/A
jmartinezcs,"@javierpuy ''Las matem√°ticas doman la intuici√≥n y la creatividad''
https://t.co/0REI58a8BG",N/A,N/A,N/A,N/A
GlauboAssOliv,"@bbcbrasil ...sutis/'profundas' nas estruturas celulares e as probabilidades matem√°ticas refutam inteligentemente a supersti√ß√£o, a...",N/A,N/A,N/A,N/A
NachitoTorres_,"Son las 4:44.
Si los sumas (4+4+4) te da 12 que dividido 4 (12√∑4) da 3, y por l√≥gica 4-3 da 1.
Y yo soy una (1) per‚Ä¶ https://t.co/yJWsHTvZ8c",N/A,N/A,N/A,N/A
sanz_ismael,"Espa√±a, menos alumnos rezagados en Lectura y Ciencias que en la UE. El mismo porcentaje en Matem√°ticas‚Ä¶ https://t.co/4C3iVG7a2G",N/A,N/A,N/A,N/A
VieyraTania,Me ha gustado un v√≠deo de @YouTube (https://t.co/RWElGpABAq - ¬øTienes que ser bueno en matematicas para programar?).,N/A,N/A,N/A,N/A
TheRiftYT,Si apruebo matem√°ticas me ti√±o el pelo de Azul!üòÆüîú,N/A,N/A,N/A,N/A
GlezTeresita,Nunca pens√© que har√≠a muy r√°pido los ejercicios de matem√°ticas,N/A,N/A,N/A,N/A
ivonnediaz2203,El crack de las matem√°ticas de 6 a√±os que ha pasado 5 de ellos en el hospital https://t.co/SoKqRE02KV,N/A,N/A,N/A,N/A
jmsreales,"""es un defecto com√∫n en los mortales el considerar m√°s bello lo dificil""Descartes
https://t.co/pe5WL09ouB‚Ä¶ https://t.co/lCx2v1gvWv",N/A,N/A,N/A,N/A
OptifuturaBlog,Propiedades de la resta [Matem√°ticas]: https://t.co/r4iybwwLg1 v√≠a @YouTube,N/A,N/A,N/A,N/A
JDeK_,Seguimos con el concurso de matem√°ticas #ElProblemadelaSemana en el @IESJuanaITorde. Una forma interesante de apren‚Ä¶ https://t.co/7DzUoz4nfJ,Valladolid,Spain,N/A,N/A
problematicoyya,"‚ÄîMam√°, mis maestros me dicen Thor. 
‚Äî¬øPor rubio?
‚ÄîNo, porque soy el Dios del trueno‚Ä¶ trueno espa√±ol, trueno matem√°ticas, trueno historia.",N/A,N/A,N/A,N/A
BootZuna,"@FacunMoreno Vas a tenerte que ir apuntando a unas clases de matematicas...o eso, o mientes adrede, lo cual te conv‚Ä¶ https://t.co/g7CMllRY6K",N/A,N/A,N/A,N/A
angel_olmedo324,"Como cuando no te gustan las matematicas pero √©l campo laboral de tu carrera lo requiere.
#quimico #farmaceutico #biologico",N/A,N/A,N/A,N/A
ColeLuisBunuel,Resolviendo problemas de matem√°ticas en 5¬∞primaria @ColeLuisBunuel https://t.co/9EjCczDez4,N/A,N/A,N/A,N/A
EpJavierita,Tengo motivaci√≥n para tener promedio final un 6.0 (Tableta ven a mi) BUT Matem√°ticas la caga. :( https://t.co/6uk5JP3rKy,N/A,N/A,N/A,N/A
AhtziriLm,Lo peor de mi noche fue mi t√≠a convenciendo a mi madre para tomar clases de Matem√°ticas üòí,N/A,N/A,N/A,N/A
AstridEcheveria,Dice que quiere estudiar algo de matem√°ticas https://t.co/RaIl65fiTw,N/A,N/A,N/A,N/A
EnyaaaS,me muero si llego a desaprobar matem√°ticas üò£,N/A,N/A,N/A,N/A
blancafloblog,"""Si por casualidad hay que, a√∫n siendo ignorantes de todas las matem√°ticas, presumiendo de un juicio sobre ellas... https://t.co/G4EKCZIcCJ",N/A,N/A,N/A,N/A
JesusOr91603416,@MarcaClaro @andremarinpuig @RaulOrvananos Este es el nivel real en que estamos las matem√°ticas son exactas de 3 pa‚Ä¶ https://t.co/9ptgNfLymN,N/A,N/A,N/A,N/A
GisellaLud,Dos horas para dormir y un ex√°men de matem√°ticas para rendir. Que empiece el juego,N/A,N/A,N/A,N/A
FedeSerranista1,Amo matematicas dijo nunca nadie.,N/A,N/A,N/A,N/A
aliadclive,@chochos Re bueno para las matematicas,N/A,N/A,N/A,N/A
AdoracionDiaria,"‚Ä¢ Las mujeres son como las matem√°ticas... dif√≠ciles de entender, pero necesarias para todo.",N/A,N/A,N/A,N/A
LORENAXFINN,el lunes tengo prueba de matem√°ticas https://t.co/6PaUoDRZPY,N/A,N/A,N/A,N/A
ScARtiste,J'ai ajout√© une vid√©o √† une playlist @YouTube¬†- Matem√°ticas Kandinsky - Video birografia.m4v https://t.co/wqiGMiARwc,N/A,N/A,N/A,N/A
ScARtiste,"J'aime une vid√©o @YouTube¬†: ""Matem√°ticas Kandinsky - Video birografia.m4v"" √† l'adresse https://t.co/wqiGMiARwc.",N/A,N/A,N/A,N/A
AXOD3,@jbp2704 @foroCNP @tekueldruida @Jmayoral1973 @JOSE_UNEDIANO @Umbra_Noctis @MonederoJC aunque asi fuese siguen gana‚Ä¶ https://t.co/lViIhYC35q,N/A,N/A,N/A,N/A
jckobeh,"Para no meternos en matem√°ticas, asignemos un valor (1, 2, 3) a cada opci√≥n, juntemos (no sumemos) las dos respuest‚Ä¶ https://t.co/QnTUPmHnJS",N/A,N/A,N/A,N/A
Marianac1620,Ma√±ana voy hacer la evaluaci√≥n de matem√°ticas con Diosito,N/A,N/A,N/A,N/A
MrdameScargo,"Empez√≥ conmigo en la prepa, en el √∫ltimo descanso antes de la √∫ltima clase (fue de matem√°ticas, por cierto &lt;3)
Desp‚Ä¶ https://t.co/4JrQmba9vK",N/A,N/A,N/A,N/A
Barrios_502,Qu√© bonitas las matem√°ticas cuando se dejan amar üíïüòÇüòÇüòÇüòÇüòÇüòÇ,N/A,N/A,N/A,N/A
samlit78,"https://t.co/UsQexbEqJm Ciencia y sus Leyes en la F√≠sica,Qu√≠mica, Matem√°ticas. https://t.co/m9pg3J2SIz",N/A,N/A,N/A,N/A
UltraWenezolano,"JAJAJAJA Miren Esto #elachanteesconwenezolano @Wenezolano

-Papa,papa por que se suicido el libro de Matem√°ticas
+p‚Ä¶ https://t.co/9acUNRiraS",N/A,N/A,N/A,N/A
casiisadora,Creo que lo que m√°s me duele de aprender matem√°ticas de nuevo es cuando hago un ejercicio que me cost√≥ y al final m‚Ä¶ https://t.co/QjHFAi98os,N/A,N/A,N/A,N/A
Leoo_Ulloa,3 a√±os que le vengo aprobando todo a paloma de matem√°ticas y ella me hizo un favor de mierda y ya cree que esta sal‚Ä¶ https://t.co/DitDt1YB0q,N/A,N/A,N/A,N/A
Karol_abc28,"@LeandroS6789 Si, ser√© yo quien va perdiendo matem√°ticas jakakaja",N/A,N/A,N/A,N/A
ashtonweon,"hoy me citaron a mi apoderado porque no respondi nada en la prueba de matem√°ticas, si no s√© nada y no entiendo para‚Ä¶ https://t.co/YuWVDSf7Rt",N/A,N/A,N/A,N/A
LaBrujaChica,@joelynott Muy bien! Yo me fui a alimentar donde mi mejor amiga mientras estudiaba matem√°ticas con su hijita,N/A,N/A,N/A,N/A
411emilio,¬øPor qu√© las escritoras y escritores deber√≠an aprender matem√°ticas? https://t.co/ii6llFocqT v√≠a @ZTF_FCT,N/A,N/A,N/A,N/A
BrandoPk123,"Se Suicido Cuaderno De Matematicas, Tenia Muchos Problemas üò•üò•üòÇüòÇ",N/A,N/A,N/A,N/A
fraany_TJ,El otro dia estaban mirando porno en matematicas ahora que me acuero kakakakakakakajajsjajajajaja,N/A,N/A,N/A,N/A
HugoParra_y5,"‚ÄîEste mes me inscrib√≠ a clases de matem√°ticas.
‚Äî¬øY c√≥mo vas?
‚ÄîPues me lleva mi pap√°.",N/A,N/A,N/A,N/A
juliepzz,"Hoy cuando empec√© a llorar en el sal√≥n por culpa de la Profe de Espa√±ol, mi Profe de Matem√°ticas me empez√≥ a dar √°n‚Ä¶ https://t.co/g8fO3kJca1",N/A,N/A,N/A,N/A
lillysantiago35,Yo odio tanto las matem√°ticas.,N/A,N/A,N/A,N/A
idadevuelta,"@miseliti Sentirme orgullosa de los ni√±os q ganan mundiales de matem√°ticas, ajedrez o f√∫tbol y saber q a√∫n hay much‚Ä¶ https://t.co/34DDQd4TwI",N/A,N/A,N/A,N/A
GeluacLugo,Me ha gustado un v√≠deo de @YouTube (https://t.co/o8K8tyuVA2 - MATEM√ÅTICAS FINANCIERAS - Clases 3 - VAN Formulaci√≥n y C√°lculo,N/A,N/A,N/A,N/A
HobiHope180294,"@namtacos Tas bien. te baja un poco matem√°ticas, pero tas bien. :)",N/A,N/A,N/A,N/A
nicolasziletti,ESTA MAS DIFICIL QUE MATEMATICAS,N/A,N/A,N/A,N/A
namtacos,IGNOREN MATEM√ÅTICAS AHI VALGO VERGA,N/A,N/A,N/A,N/A
L_orocas,@SexyYetzSW @fersw82 @MiauMiauHW @InakiLolasw @SexyEnfermera69 @PrudenceMexico @poyin96 @SeducemeMx @Revista_H‚Ä¶ https://t.co/xqEISZ5knh,N/A,N/A,N/A,N/A
Victorlxrd,Cuando estoy en clases de Matem√°ticas. https://t.co/mfUJ351HYR,N/A,N/A,N/A,N/A
germiarftust,Saqu√© un 10 en matem√°ticas y no estudi√© nada https://t.co/1RsJaWDy0L,N/A,N/A,N/A,N/A
mathusal9,El crack de las matem√°ticas de 6 a√±os que ha pasado 5 de ellos en el hospital https://t.co/If2dR2SfgV v√≠a @abc_es,N/A,N/A,N/A,N/A
RolandoJP11,"@montsepinedao Matem√°ticas, espa√±ol tambi√©n",N/A,N/A,N/A,N/A
AyyAlejandrita,"Estudio psicolog√≠a y a√∫n as√≠ tengo que ver matem√°ticas, biolog√≠a y hasta cibern√©ticaü§î",N/A,N/A,N/A,N/A
stf_ov,Matematicas*üò£ https://t.co/4Ugc8Fvlee,Medell√≠n,Colombia,N/A,N/A
kareenvicthoria,"Cosas que no entiendo:
‚ÄîLa qu√≠mica.
‚ÄîLa f√≠sica.
‚ÄîLas matem√°ticas.
‚ÄîEl porqu√© te fuiste de mi vida cuando m√°s te necesitaba.",N/A,N/A,N/A,N/A
Chico76456367,"Esta tiene m√°s problemas que un libro de matem√°ticas, ""hist√©rica"".
üôäüôäüôäüôäüôäüôäüôäüôäüôäüôäüôäüôä",N/A,N/A,N/A,N/A
ArianaFrancoH,"N√∫mero Pi, una curiosa cifra utilizada para casi todo #matem√°ticas https://t.co/diEyFHCb5z",N/A,N/A,N/A,N/A
DanaArizpe,Como batallo para que me entren las matem√°ticas üò¨üò´,N/A,N/A,N/A,N/A
noravia23,@maibortpetit Son ignorantes Maibort llegaron all√≠ al azar como los graduandos de bachilleres con matem√°ticas f√≠sic‚Ä¶ https://t.co/1HfMzO190E,N/A,N/A,N/A,N/A
ConiBts1,"en matematicas:3
 #EXOlympics2018 https://t.co/1qabGv78kK",N/A,N/A,N/A,N/A
JASCISC,"@DrArellanoBorja @RoyCampos xD a canijo, y eso c√≥mo es? son otra matem√°ticas o c√≥mo?",N/A,N/A,N/A,N/A
srta_roldan,alguien no ha estudiado ingl√©s y mucho menos matem√°ticas JAJAJAJAJ @ayelenlupa2 https://t.co/vwNbIIEQ9g,N/A,N/A,N/A,N/A
Sebbapp,"Amiga, no s√© si no sabe matem√°ticas o su compresi√≥n lectora es muy mala https://t.co/SPbYB3zatN",N/A,N/A,N/A,N/A
yamilaojeda14,"Cole ma√±ana y tarde,ensayo para la exhibici√≥n,talleres,evaluaciones,Profe de matem√°ticas me tienen cansadaaa.",N/A,N/A,N/A,N/A
apr_matematicas,¬øEres de los que tira las hueveras? A partir de ahora las convertir√°s en matem√°ticas! :-) https://t.co/N66suZ7ZQY https://t.co/ZDUag3U5NH,N/A,N/A,N/A,N/A
jdmorado,#MuyInteresante |  Confirmado por las matem√°ticas. El envejecimiento es inevitable.  &gt;&gt; https://t.co/eLqPeSQyMy.,N/A,N/A,N/A,N/A
radiocienfuegos,#MuyInteresante |  Confirmado por las matem√°ticas. El envejecimiento es inevitable.  &gt;&gt; https://t.co/rcQ3hzNVV0.,N/A,N/A,N/A,N/A
lizarraga_ander,Me ha gustado un v√≠deo de @YouTube (https://t.co/qxBtq2kWMN - Antoni Daimiel &amp; Guillermo Gim√©nez - Frase mitica &amp; Las matem√°ticas).,N/A,N/A,N/A,N/A
emirojaseng,Teorema m√°s cagante y aburrido en 7 semestres de estudiar matem√°ticas: Existencia y unicidad de ecucaciones diferenciales,N/A,N/A,N/A,N/A
itsnotabadick,"-¬°Har√© que te comas tu libro de matem√°ticas!
-Pero tengo lentes...
-¬°TE LOS COMER√ÅS TAMBI√âN!",N/A,N/A,N/A,N/A
madriz_1980,@Basku_ @tebarix @NanclaresAlex @LaVanguardia @mossos Las matematicas tambien las llevas mal o que. Si sois 2 millo‚Ä¶ https://t.co/F6UJovJ7qa,N/A,N/A,N/A,N/A
math4alloficial,"C√≥mo multiplicaban los rusos? #curiosidades #matematicas #trucos #math4all

https://t.co/wV0fUsicRc",N/A,N/A,N/A,N/A
math4alloficial,"De donde viene el n√∫mero PI? #pi #curiosidades #matematicas #math4all

https://t.co/ujx4tCSWPF",N/A,N/A,N/A,N/A
math4alloficial,"Numeros primos y compuestos diferencia #matematicas #math4all #mates

https://t.co/FUuJ0Yl18q",N/A,N/A,N/A,N/A
EstelaQuimica,#LoM√°sLe√≠do APRENDE MATEM√ÅTICAS CON LOS CHEMTRAILS - EDITORIAL Vicens VIVES (Espa√±a) ¬øQu√© opinas? https://t.co/TsuoKWGdh6,N/A,N/A,N/A,N/A
math4alloficial,"G√°nale a tus amigos con este truco #matematicas #math4all #trucos #mates

https://t.co/i8Qgnyo1PD",N/A,N/A,N/A,N/A
leoo_bp,"Tener un buen d√≠a, hacer 3 ejercicios de matem√°ticas y deprimirme",N/A,N/A,N/A,N/A
maarizaperez,C√≥mo lo veis?? Las matem√°ticas a examen!!! https://t.co/mq2m1MrNYp,N/A,N/A,N/A,N/A
CPBSANTAANA,‚ÄúEl 80% de lo que se aprende en la asignatura de matem√°ticas no sirve para nada‚Äù https://t.co/fN0y39gW0r v√≠a @el_pais,N/A,N/A,N/A,N/A
JPaul__7,Yo en matem√°ticas https://t.co/SK6KhcClnL,N/A,N/A,N/A,N/A
PresidentePrima,"Estupendas las V Jornadas de Matem√°ticas de Navarra, adem√°s de aprender cosas nuevas reencuentro con grandes amigos",N/A,N/A,N/A,N/A
Nattu_ega,Ing. en desarrollo de videojuegos y realidad virtual en Festival de Matem√°ticas #talca‚Ä¶ https://t.co/GObsGWK6Yq,N/A,N/A,N/A,N/A
Sir_Blito,"@QuantumFracture @CdeCiencia Haced una encuesta de si las matem√°ticas son una ciencia, un arte u otra cosa",N/A,N/A,N/A,N/A
lettucegirrl,Ya hice mi examen y como me lo supon√≠a me fue mal en matem√°ticas:)))))),N/A,N/A,N/A,N/A
ZG4EftRubiuH,Por favor alguien que me ayude con estadisticas en matematicas plis,N/A,N/A,N/A,N/A
CARPETAMAESTRO,CARPETA DEL MAESTRO: ACTIVIDADES DE REFUERZO DE MATEM√ÅTICAS 3 (TERCER C... https://t.co/iiFakqZ0RO,N/A,N/A,N/A,N/A
maulee,Todo listo para el Primer Festival de Matem√°ticas de Talca https://t.co/22wLw4WhER,N/A,N/A,N/A,N/A
caruchack,Me di cuenta que pertenezco al grupo de los nerds cuando empec√© a hacer chistes sobre f√≠sica y matem√°ticas üôÉüî´,N/A,N/A,N/A,N/A
arivol7,Cuando te dicen que solo faltan 5 minutos para terminar la secci√≥n de matem√°ticas. https://t.co/gKxiSFYSIy,N/A,N/A,N/A,N/A
Maemories,Deber√≠a estar estudiando matem√°ticas.  Kh√© hago aqu√≠,N/A,N/A,N/A,N/A
LenteMagazine,#LenteMagazine (Imparten en la UAT taller para mejorar la ...)- https://t.co/JK9EImPyHc #UAT #somosUAT #UniversidadAutonomoaDeTamaulipas,N/A,N/A,N/A,N/A
ibubok,Disponible en ibubok el libro Fundamentos de matem√°ticas https://t.co/kQXD0ZVgvy,N/A,N/A,N/A,N/A
PublimetroChile,La tarea de matem√°ticas que una ni√±a de 6 a√±os no pudo resolver y que confundi√≥ a miles en Internet‚Ä¶ https://t.co/hkXZ6jyhgG,N/A,N/A,N/A,N/A
Nattu_ega,Ing. en desarrollo de videojuegos y realidad virtual en Festival de Matem√°ticas #talca‚Ä¶ https://t.co/kIZlLOqMPj,N/A,N/A,N/A,N/A
AnaComes1,RETO 32: A LOS PERROS LES GUSTAN LAS MATEM√ÅTICAS https://t.co/shXJbyApts v√≠a @wordpressdotcom,N/A,N/A,N/A,N/A
Mysexytoaster,Frustrada nivel pt2: No s√© matem√°ticas y saque 7 en trabajo en equipo (obviamente fue todo mi culpa),N/A,N/A,N/A,N/A
NajeraRetrogame,"@yisucrist Respect!!! Ojo, que el m√≠o de Matem√°ticas me tiraba el borrador con efecto par√°bola y me daba siempre en la cabeza. As√≠ estoy yo.",N/A,N/A,N/A,N/A
Rioja2,"La Casa de las Ciencias fusiona matem√°ticas, gastronom√≠a y fotograf√≠a en dos exposiciones que hoy se han inaugurado‚Ä¶ https://t.co/PrFBN1cj0w",N/A,N/A,N/A,N/A
alienorar_,Si no hay matem√°ticas no es una carrera #thanksdad,N/A,N/A,N/A,N/A
carlosferrersot,"La vida en Matem√°ticas:
‚ÄîPrimaria: 5+5=10
‚ÄîSecundaria: x+4=-2
‚ÄîBachillerato: x¬≤+3x-5=sen(x)
‚ÄîUniversidad: ‚à´‚àöx/(x(e^‚Ä¶ https://t.co/NF56EemFNl",N/A,N/A,N/A,N/A
chuscarbayubrim,"@dra_calegria La m√∫sica tb son las matem√°ticas del placer,el abeyu,la cueva (refugio) q distiende el Esp√≠ritu cuando esta cansado",N/A,N/A,N/A,N/A
lalibretacolora,‚ÄúLas matem√°ticas vigilan tu salud‚Äù El libro de @ClaraGrima del que estamos hablando https://t.co/PEpWdDm63n,N/A,N/A,N/A,N/A
MonicaSarcos,"N√∫mero Pi, una curiosa cifra utilizada para casi todo #Matem√°ticas https://t.co/nTbKq1igPP",N/A,N/A,N/A,N/A
parisaguila685,"Si las matematicas so. exactas y Pitagoras no miente, tu eres el chico mas guapo de todo el continente.",N/A,N/A,N/A,N/A
Javisburgos,"Lecturas recomendadas para el caf√© matutino: https://t.co/PcLgFQI7kN de @rpleguezuelos y, si me lo permiten, https://t.co/ZuLcmA92Uv",N/A,N/A,N/A,N/A
NEUDC_RNE,"Con @ClaraGrima, que hoy ha venido a hablar de su libro: ‚ÄúLas matem√°ticas vigilan tu salud‚Äù https://t.co/AAJSNovXJB",N/A,N/A,N/A,N/A
Irenemate,"Matem√°ticas y salud, con @ClaraGrima en @NEUDC_RNE",N/A,N/A,N/A,N/A
proyectosRams,Dar paseos matem√°ticos por la ciudad ayuda a comprender la asignatura de matem√°ticas ‚Äì¬†elEconomista.es https://t.co/bGYeC9udT0,N/A,N/A,N/A,N/A
acertijosymas,Todos los n√∫meros con¬†cincos https://t.co/JzOcsiD1ML https://t.co/tu5E7sJCpr,N/A,N/A,N/A,N/A
trivinet,"#matem√°ticas #primaria Si quiero vender la PlayStasion 3 que vale 326 euros  y me dan un billete de 500 euros, ¬øcu√°‚Ä¶ https://t.co/PQLOpCJFeT",N/A,N/A,N/A,N/A
crijegama,@Angel_L_Hern @EnJarras @biowor @ragaga1978 @karmenfaba @steclm @FECCOOCLM @FETEUGTALBACETE @CSIFCLM @PIAragonesa‚Ä¶ https://t.co/E0Y414ylsd,N/A,N/A,N/A,N/A
KariOrtizAmp,mi maestro de matem√°ticas financieras es un amorüíìüò≠,N/A,N/A,N/A,N/A
DineroEnImagen,La importancia de que le pierdas el miedo a las matem√°ticas https://t.co/Q6YbKpurdO https://t.co/0GTYYjp05Y,N/A,N/A,N/A,N/A
julslisin,"@MissOllivander Impresionante, glorioso, mayorzoso! Brav√≠simo curro! Una duda, la clase de matem√°ticas de Pepsi que‚Ä¶ https://t.co/SJ37UGyUQ7",N/A,N/A,N/A,N/A
exeo,@jordipasc2 @indyjoe69 @eltivipata @FrayJosepho Yo te respondo: En los p√∫blicos es todo en catal√°n y en el concerta‚Ä¶ https://t.co/qzH6MIsn0m,N/A,N/A,N/A,N/A
Gago1F,@fabibitan El problema en Educaci√≥n siempre es intentar achacar cualquier motivo a un solo hecho y eso es la estupi‚Ä¶ https://t.co/sGVXyU3cRM,N/A,N/A,N/A,N/A
victor_irr,"Razones trigonom√©tricas de tri√°ngulos especiales https://t.co/6HVECgmvoz
Ya se me estaba olvidando esto perramente üòìüìö #matem√°ticas #math",N/A,N/A,N/A,N/A
jmartinezcs,"@javierpuy ''Las matem√°ticas doman la intuici√≥n y la creatividad''
https://t.co/0REI58a8BG",N/A,N/A,N/A,N/A
GlauboAssOliv,"@bbcbrasil ...sutis/'profundas' nas estruturas celulares e as probabilidades matem√°ticas refutam inteligentemente a supersti√ß√£o, a...",N/A,N/A,N/A,N/A
NachitoTorres_,"Son las 4:44.
Si los sumas (4+4+4) te da 12 que dividido 4 (12√∑4) da 3, y por l√≥gica 4-3 da 1.
Y yo soy una (1) per‚Ä¶ https://t.co/yJWsHTvZ8c",N/A,N/A,N/A,N/A
sanz_ismael,"Espa√±a, menos alumnos rezagados en Lectura y Ciencias que en la UE. El mismo porcentaje en Matem√°ticas‚Ä¶ https://t.co/4C3iVG7a2G",N/A,N/A,N/A,N/A
VieyraTania,Me ha gustado un v√≠deo de @YouTube (https://t.co/RWElGpABAq - ¬øTienes que ser bueno en matematicas para programar?).,N/A,N/A,N/A,N/A
TheRiftYT,Si apruebo matem√°ticas me ti√±o el pelo de Azul!üòÆüîú,N/A,N/A,N/A,N/A
GlezTeresita,Nunca pens√© que har√≠a muy r√°pido los ejercicios de matem√°ticas,N/A,N/A,N/A,N/A
ivonnediaz2203,El crack de las matem√°ticas de 6 a√±os que ha pasado 5 de ellos en el hospital https://t.co/SoKqRE02KV,N/A,N/A,N/A,N/A
jmsreales,"""es un defecto com√∫n en los mortales el considerar m√°s bello lo dificil""Descartes
https://t.co/pe5WL09ouB‚Ä¶ https://t.co/lCx2v1gvWv",N/A,N/A,N/A,N/A
OptifuturaBlog,Propiedades de la resta [Matem√°ticas]: https://t.co/r4iybwwLg1 v√≠a @YouTube,N/A,N/A,N/A,N/A
JDeK_,Seguimos con el concurso de matem√°ticas #ElProblemadelaSemana en el @IESJuanaITorde. Una forma interesante de apren‚Ä¶ https://t.co/7DzUoz4nfJ,Valladolid,Spain,N/A,N/A
problematicoyya,"‚ÄîMam√°, mis maestros me dicen Thor. 
‚Äî¬øPor rubio?
‚ÄîNo, porque soy el Dios del trueno‚Ä¶ trueno espa√±ol, trueno matem√°ticas, trueno historia.",N/A,N/A,N/A,N/A
BootZuna,"@FacunMoreno Vas a tenerte que ir apuntando a unas clases de matematicas...o eso, o mientes adrede, lo cual te conv‚Ä¶ https://t.co/g7CMllRY6K",N/A,N/A,N/A,N/A
angel_olmedo324,"Como cuando no te gustan las matematicas pero √©l campo laboral de tu carrera lo requiere.
#quimico #farmaceutico #biologico",N/A,N/A,N/A,N/A
ColeLuisBunuel,Resolviendo problemas de matem√°ticas en 5¬∞primaria @ColeLuisBunuel https://t.co/9EjCczDez4,N/A,N/A,N/A,N/A
EpJavierita,Tengo motivaci√≥n para tener promedio final un 6.0 (Tableta ven a mi) BUT Matem√°ticas la caga. :( https://t.co/6uk5JP3rKy,N/A,N/A,N/A,N/A
srta_roldan,alguien no ha estudiado ingl√©s y mucho menos matem√°ticas JAJAJAJAJ @ayelenlupa2 https://t.co/vwNbIIEQ9g,N/A,N/A,N/A,N/A
Sebbapp,"Amiga, no s√© si no sabe matem√°ticas o su compresi√≥n lectora es muy mala https://t.co/SPbYB3zatN",N/A,N/A,N/A,N/A
yamilaojeda14,"Cole ma√±ana y tarde,ensayo para la exhibici√≥n,talleres,evaluaciones,Profe de matem√°ticas me tienen cansadaaa.",N/A,N/A,N/A,N/A
apr_matematicas,¬øEres de los que tira las hueveras? A partir de ahora las convertir√°s en matem√°ticas! :-) https://t.co/N66suZ7ZQY https://t.co/ZDUag3U5NH,N/A,N/A,N/A,N/A
jdmorado,#MuyInteresante |  Confirmado por las matem√°ticas. El envejecimiento es inevitable.  &gt;&gt; https://t.co/eLqPeSQyMy.,N/A,N/A,N/A,N/A
radiocienfuegos,#MuyInteresante |  Confirmado por las matem√°ticas. El envejecimiento es inevitable.  &gt;&gt; https://t.co/rcQ3hzNVV0.,N/A,N/A,N/A,N/A
lizarraga_ander,Me ha gustado un v√≠deo de @YouTube (https://t.co/qxBtq2kWMN - Antoni Daimiel &amp; Guillermo Gim√©nez - Frase mitica &amp; Las matem√°ticas).,N/A,N/A,N/A,N/A
emirojaseng,Teorema m√°s cagante y aburrido en 7 semestres de estudiar matem√°ticas: Existencia y unicidad de ecucaciones diferenciales,N/A,N/A,N/A,N/A
itsnotabadick,"-¬°Har√© que te comas tu libro de matem√°ticas!
-Pero tengo lentes...
-¬°TE LOS COMER√ÅS TAMBI√âN!",N/A,N/A,N/A,N/A
madriz_1980,@Basku_ @tebarix @NanclaresAlex @LaVanguardia @mossos Las matematicas tambien las llevas mal o que. Si sois 2 millo‚Ä¶ https://t.co/F6UJovJ7qa,N/A,N/A,N/A,N/A
math4alloficial,"C√≥mo multiplicaban los rusos? #curiosidades #matematicas #trucos #math4all

https://t.co/wV0fUsicRc",N/A,N/A,N/A,N/A
math4alloficial,"De donde viene el n√∫mero PI? #pi #curiosidades #matematicas #math4all

https://t.co/ujx4tCSWPF",N/A,N/A,N/A,N/A
math4alloficial,"Numeros primos y compuestos diferencia #matematicas #math4all #mates

https://t.co/FUuJ0Yl18q",N/A,N/A,N/A,N/A
EstelaQuimica,#LoM√°sLe√≠do APRENDE MATEM√ÅTICAS CON LOS CHEMTRAILS - EDITORIAL Vicens VIVES (Espa√±a) ¬øQu√© opinas? https://t.co/TsuoKWGdh6,N/A,N/A,N/A,N/A
math4alloficial,"G√°nale a tus amigos con este truco #matematicas #math4all #trucos #mates

https://t.co/i8Qgnyo1PD",N/A,N/A,N/A,N/A
leoo_bp,"Tener un buen d√≠a, hacer 3 ejercicios de matem√°ticas y deprimirme",N/A,N/A,N/A,N/A
maarizaperez,C√≥mo lo veis?? Las matem√°ticas a examen!!! https://t.co/mq2m1MrNYp,N/A,N/A,N/A,N/A
CPBSANTAANA,‚ÄúEl 80% de lo que se aprende en la asignatura de matem√°ticas no sirve para nada‚Äù https://t.co/fN0y39gW0r v√≠a @el_pais,N/A,N/A,N/A,N/A
JPaul__7,Yo en matem√°ticas https://t.co/SK6KhcClnL,N/A,N/A,N/A,N/A
PresidentePrima,"Estupendas las V Jornadas de Matem√°ticas de Navarra, adem√°s de aprender cosas nuevas reencuentro con grandes amigos",N/A,N/A,N/A,N/A
Nattu_ega,Ing. en desarrollo de videojuegos y realidad virtual en Festival de Matem√°ticas #talca‚Ä¶ https://t.co/GObsGWK6Yq,N/A,N/A,N/A,N/A
Sir_Blito,"@QuantumFracture @CdeCiencia Haced una encuesta de si las matem√°ticas son una ciencia, un arte u otra cosa",N/A,N/A,N/A,N/A
lettucegirrl,Ya hice mi examen y como me lo supon√≠a me fue mal en matem√°ticas:)))))),N/A,N/A,N/A,N/A
ZG4EftRubiuH,Por favor alguien que me ayude con estadisticas en matematicas plis,N/A,N/A,N/A,N/A
CARPETAMAESTRO,CARPETA DEL MAESTRO: ACTIVIDADES DE REFUERZO DE MATEM√ÅTICAS 3 (TERCER C... https://t.co/iiFakqZ0RO,N/A,N/A,N/A,N/A
maulee,Todo listo para el Primer Festival de Matem√°ticas de Talca https://t.co/22wLw4WhER,N/A,N/A,N/A,N/A
caruchack,Me di cuenta que pertenezco al grupo de los nerds cuando empec√© a hacer chistes sobre f√≠sica y matem√°ticas üôÉüî´,N/A,N/A,N/A,N/A
arivol7,Cuando te dicen que solo faltan 5 minutos para terminar la secci√≥n de matem√°ticas. https://t.co/gKxiSFYSIy,N/A,N/A,N/A,N/A
Maemories,Deber√≠a estar estudiando matem√°ticas.  Kh√© hago aqu√≠,N/A,N/A,N/A,N/A
LenteMagazine,#LenteMagazine (Imparten en la UAT taller para mejorar la ...)- https://t.co/JK9EImPyHc #UAT #somosUAT #UniversidadAutonomoaDeTamaulipas,N/A,N/A,N/A,N/A
ibubok,Disponible en ibubok el libro Fundamentos de matem√°ticas https://t.co/kQXD0ZVgvy,N/A,N/A,N/A,N/A
PublimetroChile,La tarea de matem√°ticas que una ni√±a de 6 a√±os no pudo resolver y que confundi√≥ a miles en Internet‚Ä¶ https://t.co/hkXZ6jyhgG,N/A,N/A,N/A,N/A
Nattu_ega,Ing. en desarrollo de videojuegos y realidad virtual en Festival de Matem√°ticas #talca‚Ä¶ https://t.co/kIZlLOqMPj,N/A,N/A,N/A,N/A
AnaComes1,RETO 32: A LOS PERROS LES GUSTAN LAS MATEM√ÅTICAS https://t.co/shXJbyApts v√≠a @wordpressdotcom,N/A,N/A,N/A,N/A
Mysexytoaster,Frustrada nivel pt2: No s√© matem√°ticas y saque 7 en trabajo en equipo (obviamente fue todo mi culpa),N/A,N/A,N/A,N/A
NajeraRetrogame,"@yisucrist Respect!!! Ojo, que el m√≠o de Matem√°ticas me tiraba el borrador con efecto par√°bola y me daba siempre en la cabeza. As√≠ estoy yo.",N/A,N/A,N/A,N/A
Twittofilia,"N√∫mero Pi, una curiosa cifra utilizada para casi todo #matem√°ticas https://t.co/SuVkGQJdmx",N/A,N/A,N/A,N/A
andreazaam,karina se duermio pensando en matematicas wtf,N/A,N/A,N/A,N/A
Chilan2001,"3- Matem√°ticas.
Estas son el lenguaje del universo y la providencia, y sin ellas no somos nada. No soy malo para re‚Ä¶ https://t.co/xt1rbQxDjC",N/A,N/A,N/A,N/A
NKsulpiride,"@CidSergio Eso le pasa mucho a mi padre, tiene menos idea de matem√°ticas que yo y siempre lo descubre por sus propios medios, MAGIA.",N/A,N/A,N/A,N/A
Devlinus,"@Eduardo220173 @e_cycni ¬øsabe qu√© hac√≠a Kant? Matem√°ticas,no como Von Mises que las detestaba y se invent√≥ la praxe‚Ä¶ https://t.co/i6JLLqGbYv",N/A,N/A,N/A,N/A
Rioja2,"La Casa de las Ciencias fusiona matem√°ticas, gastronom√≠a y fotograf√≠a en dos exposiciones que hoy se han inaugurado‚Ä¶ https://t.co/PrFBN1cj0w",N/A,N/A,N/A,N/A
alienorar_,Si no hay matem√°ticas no es una carrera #thanksdad,N/A,N/A,N/A,N/A
carlosferrersot,"La vida en Matem√°ticas:
‚ÄîPrimaria: 5+5=10
‚ÄîSecundaria: x+4=-2
‚ÄîBachillerato: x¬≤+3x-5=sen(x)
‚ÄîUniversidad: ‚à´‚àöx/(x(e^‚Ä¶ https://t.co/NF56EemFNl",N/A,N/A,N/A,N/A
chuscarbayubrim,"@dra_calegria La m√∫sica tb son las matem√°ticas del placer,el abeyu,la cueva (refugio) q distiende el Esp√≠ritu cuando esta cansado",N/A,N/A,N/A,N/A
lalibretacolora,‚ÄúLas matem√°ticas vigilan tu salud‚Äù El libro de @ClaraGrima del que estamos hablando https://t.co/PEpWdDm63n,N/A,N/A,N/A,N/A
MonicaSarcos,"N√∫mero Pi, una curiosa cifra utilizada para casi todo #Matem√°ticas https://t.co/nTbKq1igPP",N/A,N/A,N/A,N/A
parisaguila685,"Si las matematicas so. exactas y Pitagoras no miente, tu eres el chico mas guapo de todo el continente.",N/A,N/A,N/A,N/A
Javisburgos,"Lecturas recomendadas para el caf√© matutino: https://t.co/PcLgFQI7kN de @rpleguezuelos y, si me lo permiten, https://t.co/ZuLcmA92Uv",N/A,N/A,N/A,N/A
NEUDC_RNE,"Con @ClaraGrima, que hoy ha venido a hablar de su libro: ‚ÄúLas matem√°ticas vigilan tu salud‚Äù https://t.co/AAJSNovXJB",N/A,N/A,N/A,N/A
Irenemate,"Matem√°ticas y salud, con @ClaraGrima en @NEUDC_RNE",N/A,N/A,N/A,N/A
proyectosRams,Dar paseos matem√°ticos por la ciudad ayuda a comprender la asignatura de matem√°ticas ‚Äì¬†elEconomista.es https://t.co/bGYeC9udT0,N/A,N/A,N/A,N/A
acertijosymas,Todos los n√∫meros con¬†cincos https://t.co/JzOcsiD1ML https://t.co/tu5E7sJCpr,N/A,N/A,N/A,N/A
trivinet,"#matem√°ticas #primaria Si quiero vender la PlayStasion 3 que vale 326 euros  y me dan un billete de 500 euros, ¬øcu√°‚Ä¶ https://t.co/PQLOpCJFeT",N/A,N/A,N/A,N/A
crijegama,@Angel_L_Hern @EnJarras @biowor @ragaga1978 @karmenfaba @steclm @FECCOOCLM @FETEUGTALBACETE @CSIFCLM @PIAragonesa‚Ä¶ https://t.co/E0Y414ylsd,N/A,N/A,N/A,N/A
KariOrtizAmp,mi maestro de matem√°ticas financieras es un amorüíìüò≠,N/A,N/A,N/A,N/A
DineroEnImagen,La importancia de que le pierdas el miedo a las matem√°ticas https://t.co/Q6YbKpurdO https://t.co/0GTYYjp05Y,N/A,N/A,N/A,N/A
julslisin,"@MissOllivander Impresionante, glorioso, mayorzoso! Brav√≠simo curro! Una duda, la clase de matem√°ticas de Pepsi que‚Ä¶ https://t.co/SJ37UGyUQ7",N/A,N/A,N/A,N/A
exeo,@jordipasc2 @indyjoe69 @eltivipata @FrayJosepho Yo te respondo: En los p√∫blicos es todo en catal√°n y en el concerta‚Ä¶ https://t.co/qzH6MIsn0m,N/A,N/A,N/A,N/A
Gago1F,@fabibitan El problema en Educaci√≥n siempre es intentar achacar cualquier motivo a un solo hecho y eso es la estupi‚Ä¶ https://t.co/sGVXyU3cRM,N/A,N/A,N/A,N/A
victor_irr,"Razones trigonom√©tricas de tri√°ngulos especiales https://t.co/6HVECgmvoz
Ya se me estaba olvidando esto perramente üòìüìö #matem√°ticas #math",N/A,N/A,N/A,N/A
jmartinezcs,"@javierpuy ''Las matem√°ticas doman la intuici√≥n y la creatividad''
https://t.co/0REI58a8BG",N/A,N/A,N/A,N/A
GlauboAssOliv,"@bbcbrasil ...sutis/'profundas' nas estruturas celulares e as probabilidades matem√°ticas refutam inteligentemente a supersti√ß√£o, a...",N/A,N/A,N/A,N/A
NachitoTorres_,"Son las 4:44.
Si los sumas (4+4+4) te da 12 que dividido 4 (12√∑4) da 3, y por l√≥gica 4-3 da 1.
Y yo soy una (1) per‚Ä¶ https://t.co/yJWsHTvZ8c",N/A,N/A,N/A,N/A
sanz_ismael,"Espa√±a, menos alumnos rezagados en Lectura y Ciencias que en la UE. El mismo porcentaje en Matem√°ticas‚Ä¶ https://t.co/4C3iVG7a2G",N/A,N/A,N/A,N/A
VieyraTania,Me ha gustado un v√≠deo de @YouTube (https://t.co/RWElGpABAq - ¬øTienes que ser bueno en matematicas para programar?).,N/A,N/A,N/A,N/A
TheRiftYT,Si apruebo matem√°ticas me ti√±o el pelo de Azul!üòÆüîú,N/A,N/A,N/A,N/A
GlezTeresita,Nunca pens√© que har√≠a muy r√°pido los ejercicios de matem√°ticas,N/A,N/A,N/A,N/A
ma_lopezdelpozo,https://t.co/ZIn6FS5PUd,N/A,N/A,N/A,N/A
Quentinahre,"Me duele la espalda, las manos, la cabeza, a√∫n no entiendo ni madres de matem√°ticas y me quiero morir",N/A,N/A,N/A,N/A
Keviin_1998,"@XiscoS8 @HuhConH @annlws Ya peep hay gente que dice ""Ma√±ana examen de matem√°ticas, ya me joder√≠a""",N/A,N/A,N/A,N/A
jarmestor,"Juego de posiciones para ni√±os de primaria: encima, debajo, detr√°s https://t.co/kvrt2R9JKa.       X",N/A,N/A,N/A,N/A
Naukas_com,Nuevo Post de Francis: Rese√±a: ‚ÄúLas matem√°ticas vigilan tu salud‚Äù de Clara Grima y Enrique F. Borja https://t.co/G5Zpl5U7Gb,N/A,N/A,N/A,N/A
cibermedico,Rese√±a: ‚ÄúLas matem√°ticas vigilan tu salud‚Äù de Clara Grima y Enrique F. Borja https://t.co/wIrIt3nmyo https://t.co/WMiFe5Tf5V,N/A,N/A,N/A,N/A
RafaelBachiller,Rese√±a: ‚ÄúLas matem√°ticas vigilan tu salud‚Äù de Clara Grima y Enrique F. Borja https://t.co/HzMDE01jYf - v√≠a‚Ä¶ https://t.co/J7P84MhQdL,N/A,N/A,N/A,N/A
TaniaBalday,"N√∫mero Pi, una curiosa cifra utilizada para casi todo #Matem√°ticas https://t.co/XLuTiWh8OA",N/A,N/A,N/A,N/A
upsperreapls,Mi profesor de matem√°ticas era la polla porque siempre nos cont√°bamos chistes mi grupo de amigas con √©l y s√∫per maj‚Ä¶ https://t.co/1XRok77P1q,Arganda del Rey,Spain,N/A,N/A
upsperreapls,El a√±o pasado le cont√© un chiste a mi profesor de matem√°ticas que era ‚ÄúPorque las focas miran hacia arriba? Porque‚Ä¶ https://t.co/2d8EffsTYw,Arganda del Rey,Spain,N/A,N/A
rafescal,Prescindamos pues de las Matem√°ticas y seamos felices siendo recolectores y retornando a las cavernas ... https://t.co/lGPbZMoCRJ,N/A,N/A,N/A,N/A
emulenews,Rese√±a: ‚ÄúLas matem√°ticas vigilan tu salud‚Äù de Clara Grima y Enrique F. Borja https://t.co/11xwhGB0rG,N/A,N/A,N/A,N/A
gusring,@ivancarrino No tienen el conocimiento de las matem√°ticas entre sus habilidades...,N/A,N/A,N/A,N/A
fet_huelva,"No todo va a ser tecnolog√≠a digital üòÜ. Agudizando el ingenio y aplicando las matem√°ticas.
Felicidades alumn@s de se‚Ä¶ https://t.co/wY5KnrFREn",N/A,N/A,N/A,N/A
Twittofilia,"N√∫mero Pi, una curiosa cifra utilizada para casi todo #matem√°ticas https://t.co/SuVkGQJdmx",N/A,N/A,N/A,N/A
andreazaam,karina se duermio pensando en matematicas wtf,N/A,N/A,N/A,N/A
Chilan2001,"3- Matem√°ticas.
Estas son el lenguaje del universo y la providencia, y sin ellas no somos nada. No soy malo para re‚Ä¶ https://t.co/xt1rbQxDjC",N/A,N/A,N/A,N/A
NKsulpiride,"@CidSergio Eso le pasa mucho a mi padre, tiene menos idea de matem√°ticas que yo y siempre lo descubre por sus propios medios, MAGIA.",N/A,N/A,N/A,N/A
Devlinus,"@Eduardo220173 @e_cycni ¬øsabe qu√© hac√≠a Kant? Matem√°ticas,no como Von Mises que las detestaba y se invent√≥ la praxe‚Ä¶ https://t.co/i6JLLqGbYv",N/A,N/A,N/A,N/A
Rioja2,"La Casa de las Ciencias fusiona matem√°ticas, gastronom√≠a y fotograf√≠a en dos exposiciones que hoy se han inaugurado‚Ä¶ https://t.co/PrFBN1cj0w",N/A,N/A,N/A,N/A
alienorar_,Si no hay matem√°ticas no es una carrera #thanksdad,N/A,N/A,N/A,N/A
carlosferrersot,"La vida en Matem√°ticas:
‚ÄîPrimaria: 5+5=10
‚ÄîSecundaria: x+4=-2
‚ÄîBachillerato: x¬≤+3x-5=sen(x)
‚ÄîUniversidad: ‚à´‚àöx/(x(e^‚Ä¶ https://t.co/NF56EemFNl",N/A,N/A,N/A,N/A
chuscarbayubrim,"@dra_calegria La m√∫sica tb son las matem√°ticas del placer,el abeyu,la cueva (refugio) q distiende el Esp√≠ritu cuando esta cansado",N/A,N/A,N/A,N/A
lalibretacolora,‚ÄúLas matem√°ticas vigilan tu salud‚Äù El libro de @ClaraGrima del que estamos hablando https://t.co/PEpWdDm63n,N/A,N/A,N/A,N/A
MonicaSarcos,"N√∫mero Pi, una curiosa cifra utilizada para casi todo #Matem√°ticas https://t.co/nTbKq1igPP",N/A,N/A,N/A,N/A
parisaguila685,"Si las matematicas so. exactas y Pitagoras no miente, tu eres el chico mas guapo de todo el continente.",N/A,N/A,N/A,N/A
Javisburgos,"Lecturas recomendadas para el caf√© matutino: https://t.co/PcLgFQI7kN de @rpleguezuelos y, si me lo permiten, https://t.co/ZuLcmA92Uv",N/A,N/A,N/A,N/A
NEUDC_RNE,"Con @ClaraGrima, que hoy ha venido a hablar de su libro: ‚ÄúLas matem√°ticas vigilan tu salud‚Äù https://t.co/AAJSNovXJB",N/A,N/A,N/A,N/A
Irenemate,"Matem√°ticas y salud, con @ClaraGrima en @NEUDC_RNE",N/A,N/A,N/A,N/A
muyua8,"@aRareBlackbird Yo estoy segura que es culpa del sistema educativo. Siempre se hace matem√°ticas, biolog√≠a, f√≠sica y‚Ä¶ https://t.co/IkHJoJeR1l",N/A,N/A,N/A,N/A
SaraFaries,"N√∫mero Pi, una curiosa cifra utilizada para casi todo #Matem√°ticas https://t.co/hWvJmefLs7",N/A,N/A,N/A,N/A
WeeksOfLife,Cualquier‚Äã clases de matematicas y sus derivados en numeros. #CosasQueNoDomino,Concepci√≥n,Chile,N/A,N/A
Micolealdia,Matem√°ticas manipulativas. #Infantil #Primaria #learningisfun #aprendiendo #Educaci√≥n,N/A,N/A,N/A,N/A
fcarro_com,Solo uno de cada diez estudiantes de matem√°ticas logra calcular la longitud de esta cuerda https://t.co/0PGViqTSWt,N/A,N/A,N/A,N/A
luciaelenajonas,@naticmenendez Utilizando expresiones matem√°ticas para cosas no acad√©micas be like,N/A,N/A,N/A,N/A
Justi__no,@DefCatDos @AndresAnazal48 @ReKeNa77 @guardiacivil Se respeta. Un 47% no es ni mayoria simple. Aprenda usted matema‚Ä¶ https://t.co/frP6BR5CRu,N/A,N/A,N/A,N/A
josefinagonnn,Me maato si la de matem√°ticas me hizo entrar a primera al pedo,N/A,N/A,N/A,N/A
HelenaReina3,Yo y las matem√°ticas https://t.co/dnnoe1BRY9,N/A,N/A,N/A,N/A
milabur,Buena noticia!: #Navarra incorpora las #STEM al ciclo educativo. https://t.co/2PMFU0vh0l  . #Educaci√≥n #CuartaRevoluci√≥nIndustrial,N/A,N/A,N/A,N/A
alexvillaaaar,Esto es mi examen de matem√°ticas esper√°ndome el jueves. https://t.co/IAswkjHshm,N/A,N/A,N/A,N/A
Rinaret,@Currice Son las 7:25 en Chile... Y tengo una prueba de matem√°ticas que rendir :c,N/A,N/A,N/A,N/A
fespm_es,"Misterios en la Casa de los Tiros en Granada  #paseosmatematicos, Investigaci√≥n en Historia del Arte usando las mat‚Ä¶ https://t.co/HAhzeiKPKU",N/A,N/A,N/A,N/A
PatoDelDesierto,13 creo (las matem√°ticas no son mi  fuerte) jajajaja üòÅüòÅ https://t.co/IwLzEiivDb,N/A,N/A,N/A,N/A
ofertazasbebe,"Aprovecha, √Åbaco de Madera Juguete de Educativo Aprendizaje Matem√°ticas... por 4,98 euros.  https://t.co/2ky9gswpjZ",N/A,N/A,N/A,N/A
federicobaldeca,"La astrolog√≠a pas√≥ a ser una disciplina esot√©rica, una mezcla de observaciones matem√°ticas cuidadosas y un registro‚Ä¶ https://t.co/rO2hBsTw7e",N/A,N/A,N/A,N/A
mirandagl2001,Ya me joderia tener que leerme un libro de 200 p√°ginas en matem√°ticas üòÇüòÇüò≠üò≠,N/A,N/A,N/A,N/A
amatjosep,Rese√±a: ‚ÄúLas matem√°ticas vigilan tu salud‚Äù de Clara Grima y Enrique F. Borja https://t.co/NrnJTC2A5q via @emulenews,N/A,N/A,N/A,N/A
marietemj8,"@larazon_es @ainhoa_mhoyos Es un no parar todo el dia en la hora del recreo, en matematicas. Si alguien lebanta la‚Ä¶ https://t.co/T0MJrbyFb8",N/A,N/A,N/A,N/A
focusonkat,T√∫ sabes la pereza que me da estudiar fyq y matem√°ticas ahora,N/A,N/A,N/A,N/A
YamHopmeier,Son las 6:30 y lo estoy escuchando a Lea estudiar matem√°ticas.,N/A,N/A,N/A,N/A
LeoAguilasCA,mi maestro de matem√°ticas financieras es un amorüíìüò≠,N/A,N/A,N/A,N/A
acertijos_atorm,Todos los nmeros con  cincos  https://t.co/YKangUyYcv,N/A,N/A,N/A,N/A
bdebellezaahre,la integradora de matem√°ticas es el viernes y con las chicas salimos ese d√≠a corte para aflojar la tristeza pq sabe‚Ä¶ https://t.co/c2jziTyVxU,N/A,N/A,N/A,N/A
JuanNitu,@martinezmaillo @PPopular Unos pocos?  M√°s de 2.000.000 de ciudadanos. @martinezmaillo vuelve a clases de repaso de‚Ä¶ https://t.co/x0tzKcjdyK,N/A,N/A,N/A,N/A
JulianOcio,"""Sino te vas a ba√±ar te van a tomar el test de alcoholemia en vez del ex√°men de matem√°ticas"" genio paa",N/A,N/A,N/A,N/A
RauldelBarrio,¬øMindfulness en Matem√°ticas? ¬°S√≠ se puede! https://t.co/aj8Gy0Epyz @educacion3_0,N/A,N/A,N/A,N/A
Aen1485,@ipekwa Porque soy evidentemente de letras y dec√≠an que iba a suspender. Yo quer√≠a tener una base de ciencias por s‚Ä¶ https://t.co/c7fQLHnGLR,N/A,N/A,N/A,N/A
gustavo_1020,Me ha gustado un v√≠deo de @YouTube (https://t.co/thLCaE6XSw - Programacion lineal 02 BACHILLERATO matematicas selectividad).,N/A,N/A,N/A,N/A
AreaEstudiantis,"Profesor/a de Matem√°ticas, F√≠sica-Qu√≠mica y Biolog√≠a ‚ÄìGeolog√≠a para ESO (#Gij√≥n): https://t.co/CWdSpYOMXP #√öltimoD√≠a",N/A,N/A,N/A,N/A
Eroka,"@abelleira7 s√≠, el desarrollo relativista de la teor√≠a de Einstein combinada con las matem√°ticas modernas y pinceladas cu√°nticas, nos acerca",N/A,N/A,N/A,N/A
matematicascl,Acabo de ver Las cuatro etapas del cerebro para resolver problemas  matem√°ticos - Haga clic ver tambi√©n ‚òõ  https://t.co/pndDXy2RZF,N/A,N/A,N/A,N/A
purapravda,"@verotwit No creas. Hay quienes dicen que todas las ciencias, saberes y la realidad misma son, en realidad, matem√°t‚Ä¶ https://t.co/UtqECt3i4v",N/A,N/A,N/A,N/A
David_ryt,"Resumen: Las matem√°ticas solo dan problemas. Y los problemas, si incluyen integrales chungas, peor que peor. 
#DeleJornadas17",N/A,N/A,N/A,N/A
UnaFanMasDel10_,La que tiene el mismo puntaje en ingl√©s que en matem√°ticas jajajaja ni yo lo puedo creer.,N/A,N/A,N/A,N/A
poperulezz,"Tal vez haya una cantidad finita de oro en el mundo, pero Bitcoin es a√∫n m√°s matem√°tico y regulado y nadie puede cambiar las matem√°ticas S.W",N/A,N/A,N/A,N/A
jonathan71b,Becas para pregrado en Matem√°ticas en University of California (Estados Unidos) https://t.co/i4uj18Pgl2,N/A,N/A,N/A,N/A
LacuadraU,Becas para pregrado en Matem√°ticas en University of California (Estados Unidos) https://t.co/rjrTWaLDJa,N/A,N/A,N/A,N/A
UnaFanMasDel10_,¬øAlguien realmente puede creer que en lo que mejor me fue en el icfes fue en matem√°ticas? Jajsjsjajjs,N/A,N/A,N/A,N/A
Rodri_db_0101,"Me levante solo por la prueba de matem√°ticas, en dos panes matem√°tica 11",N/A,N/A,N/A,N/A
twalmar,@EFBocardo @moigaren En la comisi√≥n de matem√°ticas  los que han elaborado los criterios son todos profesores,N/A,N/A,N/A,N/A
drinaferrer626,"Si las matematicas son exactas y Pitahoras no miente, tu eres el chico mas guapo de todo kl continente.",N/A,N/A,N/A,N/A
jbasalo1970,@JVinaras Aqu√≠ m√°s desarrollado. https://t.co/md4okJDtA1,N/A,N/A,N/A,N/A
TraedBotffles,"-No hijo, yo a tu edad no era fan de Alvaro Ojeda, pero tampoco iba por la cuarta matr√≠cula en matem√°ticas",N/A,N/A,N/A,N/A
blondhavmorefun,las matem√°ticas me persiguen y yo no tengo ni puta idea,N/A,N/A,N/A,N/A
trodain,Tambi√©n era historia de las matem√°ticas. Buen viajerrl https://t.co/2fu20CFTk6,N/A,N/A,N/A,N/A
CessarDiaaz,Mis distintos moods en Matem√°ticas #OTDirecto11N https://t.co/9nzjWLNDz7,N/A,N/A,N/A,N/A
maths4everthink,Un d√≠a matem√°tico en @mudic_ciencia y lleno de grandes #ideas irresistibles de probar #innovacion #matematicas https://t.co/bzJ8DGFZhR,N/A,N/A,N/A,N/A
twalmar,@EFBocardo @moigaren Entonces c√≥mo se atreve a decir que yo no podr√≠a ser acreditado como CU?  A qu√© dicen que no l‚Ä¶ https://t.co/Pw5k5uO1B7,N/A,N/A,N/A,N/A
EFBocardo,@twalmar @moigaren Depende de sus m√©ritos que no conozco. La gente de Matem√°ticas que conozco me dicen que no.,N/A,N/A,N/A,N/A
salchichaman,"Y yo que pensaba que desde 2014 hasta 2017 han pasado 3 a√±os, deber√≠a repasarme un poco las matem√°ticas de puto par‚Ä¶ https://t.co/6p1iuv5Tuk",N/A,N/A,N/A,N/A
ivanppinto,"@epm092190 @StalinOR @Lenin que bestia de entrega. A ver las matematicas 320mil para 4 y para 12, aprox a 7mil x me‚Ä¶ https://t.co/uaIQQR8Qop",N/A,N/A,N/A,N/A
Romina36816814,Exonere matematicas la puta madreü§ôüèªü§ôüèª,N/A,N/A,N/A,N/A
JOSERFIGUEROA3,LAS LEYES DE LA VIDA SON MAS CLARAS Y PRECISAS QUE LAS DE LA MATEMATICAS. DA PENA QUE UNAS NOS HAN HECHO CAMINAR EN‚Ä¶ https://t.co/OilrX2xL6M,United States,United States,N/A,N/A
AinoaRuiiz,"Esto de que piensas que te ha salido bien un ejercicio de matem√°ticas, miras el resultado y los apuntes me dicen: https://t.co/b6Onbha07w",N/A,N/A,N/A,N/A
mariete_10,Yo el martes en el examen de matem√°ticas :$ https://t.co/9XLbIzkHMz,N/A,N/A,N/A,N/A
yoloxokotl,Equipo de la CDMX gana Olimpiada de Matem√°ticas en NL https://t.co/3iRc2H4fdw,N/A,N/A,N/A,N/A
abru_totty,@bts_bighit Por ustedes me pongo las pilas en matem√°ticas üíï,N/A,N/A,N/A,N/A
dr_bonis,@wrojewski @seranodino Que el sistema de ingreso a facultades de medicina seleccione principalmente a chicas empoll‚Ä¶ https://t.co/hXpxJJwNDz,N/A,N/A,N/A,N/A
FLDSMDFR15,"Cuando eres una bestia de las matem√°ticas, gracias abuelito üòèüòè",N/A,N/A,N/A,N/A
FranciscoICMC,"@renatofrias_ Ol√° Renato, eu trabaho com Sistemas Complexos no Instittuto de Ci√™ncias Matem√°ticas e de Computa√ß√£o d‚Ä¶ https://t.co/JlKF7wc9zJ",N/A,N/A,N/A,N/A
claudii_RM99,"Le paso una integral a alguien q estudia matem√°ticas y me la acaba resolviendo alguien q estudia una ingenier√≠a, mu‚Ä¶ https://t.co/kmC0qVzzfI",N/A,N/A,N/A,N/A
Textweets,"N√∫mero Pi, una curiosa cifra utilizada para casi todo #Matem√°ticas https://t.co/M0RZ6dSv4B",N/A,N/A,N/A,N/A
hlizardo,"@bienvenidorv Esa suma da 51, eso quiere decir que a los Gigantes le ha conectado 7. Por simple matem√°ticas digo yo.",N/A,N/A,N/A,N/A
sabir_es,T√©cnicas para estudiar matem√°ticas                          https://t.co/Ot2MAQ414t,N/A,N/A,N/A,N/A
CoolTxacher,"@AlbxMiles, este @nojokesboutmath idiota es tu profesor de matem√°ticas.",N/A,N/A,N/A,N/A
carosantillan26,@CamiArevalo08 Y si boluda me pierdo una clase por estar ac√° y si entr√≥ a matem√°ticas te aseguro que √©l llega jajajaja,N/A,N/A,N/A,N/A
luispereira36,"A pesar que saque 3üòì en Matem√°ticas Financiera, salve la materia con 8üòÄ, pero aun no la puedo sacar en mi lista de‚Ä¶ https://t.co/sTn15Ns6ss",N/A,N/A,N/A,N/A
proyectosRams,Beneficios de las matem√°ticas. Por qu√© son importantes las matem√°ticas. | Matem√°tica Positiva https://t.co/60tcAhcNP9,N/A,N/A,N/A,N/A
asoy_83,"Cosas que no entiendo:
‚ÄîLa qu√≠mica.
‚ÄîLa f√≠sica.
‚ÄîLas matem√°ticas.
‚ÄîEl porqu√© te fuiste de mi vida cuando m√°s te necesitaba.",Salamanca,Mexico,N/A,N/A
OrianaMeezaa,Termino de desayunar y me pongo a hacer el trabajo de matematicas,N/A,N/A,N/A,N/A
maths4everthink,"Pues eso... infinitas #ideas en @mudic_ciencia 
LA #REVOLUCI√ìN MATEM√ÅTICA EST√Å A PUNTO DE LLEGAR #innovacion‚Ä¶ https://t.co/WEQTbMk4wh",N/A,N/A,N/A,N/A
Shaw_wme,Sabes matem√°ticas?? ‚Äî Si https://t.co/WIsB3MTwBE,N/A,N/A,N/A,N/A
oopsbrxd,"17_ No le gustan las matem√°ticas, se le dan horribles. Dice que hay dos tipos de persona: los que son buenos en len‚Ä¶ https://t.co/fvITiCJdtd",N/A,N/A,N/A,N/A
edo_barrera,Con mi Campeona de Olimpiadas de Matem√°ticas. Eres una Crack hija‚Ä¶ https://t.co/iWHUgSExy1,N/A,N/A,N/A,N/A
Ladysekh_70s,8. Odio los n√∫meros y las matem√°ticas. Por eso me com√≠ el 6 y el 7. Creo que tengo discalculia (dislexia con los n√∫‚Ä¶ https://t.co/fKqYVeewH5,N/A,N/A,N/A,N/A
SERhistoria,"Esta noche en #SERHistoria

#Gioconda #Monalisa
#cronoficci√≥n de @carmensocias
#cronovisor con @jcallejo‚Ä¶ https://t.co/1lJDSZMt5Y",N/A,N/A,N/A,N/A
ZandonaAriana,"Sos m√°s falsa que el ""Si, entend√≠"" de la clase de matem√°ticas.",N/A,N/A,N/A,N/A
fespm_es,"Melilla, #paseosmatematicos con Julia C√°rceles, que nos presenta el paseo con sus alumnos el d√≠a de las Matem√°ticas https://t.co/Ytg37ordyA",N/A,N/A,N/A,N/A
ADE_UNED,#GRADO #ADE #UNED #SEGUNDO Apuntes de Matem√°ticas Financieras https://t.co/86RdRkeZiC,N/A,N/A,N/A,N/A
Uber_Bolivia,¬°Ev√≠tate las matem√°ticas! La app de Uber divide la tarifa autom√°ticamente cuando lo necesitas. https://t.co/nc1OAzHP98,N/A,N/A,N/A,N/A
jmsreales,"""hemos de acostumbrarnos a penetrar siempre hasta la verdad √≠ntima de las cosas""Descartes
https://t.co/x7hMXkVL2h‚Ä¶ https://t.co/F9vHkXTgcG",N/A,N/A,N/A,N/A
syuloves,"como persona que estudi√≥ ambos solo quiero decir una cosa: aprend√≠ pronto de f√≠sica y matem√°ticas, pero hasta ahora‚Ä¶ https://t.co/cjuGHGz2zB",N/A,N/A,N/A,N/A
BjouJabMpsIJiOv,"En serio  Matem√°ticas  interesante

#Spanish",N/A,N/A,N/A,N/A
etrairi,"@SuenKGift Es cierto @SuenKGift; aparentemente si, pero todo sigue un orden superior en la historia. Conoces las ""M‚Ä¶ https://t.co/rURJx6SjrX",N/A,N/A,N/A,N/A
_jjimenez,Mi amigo @PachecoJAM  siempre d√°ndole al... coco. Yo creo que estudiar matem√°ticas nos afect√≥ m√°s de lo que pensamo‚Ä¶ https://t.co/5a7qI64FYe,N/A,N/A,N/A,N/A
maguilargt,Sangakoo quiere expandir el aprendizaje de matem√°ticas con una aula virtual https://t.co/mBnyPUdCZO,N/A,N/A,N/A,N/A
amaaai_,Quiero volver a mi infancia donde las matem√°ticas no ten√≠an letras porque he llegado a un punto donde no tienen ni n√∫meros.,N/A,N/A,N/A,N/A
Romina36816814,Exonere matematicas la puta madreü§ôüèªü§ôüèª,N/A,N/A,N/A,N/A
JOSERFIGUEROA3,LAS LEYES DE LA VIDA SON MAS CLARAS Y PRECISAS QUE LAS DE LA MATEMATICAS. DA PENA QUE UNAS NOS HAN HECHO CAMINAR EN‚Ä¶ https://t.co/OilrX2xL6M,United States,United States,N/A,N/A
AinoaRuiiz,"Esto de que piensas que te ha salido bien un ejercicio de matem√°ticas, miras el resultado y los apuntes me dicen: https://t.co/b6Onbha07w",N/A,N/A,N/A,N/A
mariete_10,Yo el martes en el examen de matem√°ticas :$ https://t.co/9XLbIzkHMz,N/A,N/A,N/A,N/A
yoloxokotl,Equipo de la CDMX gana Olimpiada de Matem√°ticas en NL https://t.co/3iRc2H4fdw,N/A,N/A,N/A,N/A
abru_totty,@bts_bighit Por ustedes me pongo las pilas en matem√°ticas üíï,N/A,N/A,N/A,N/A
dr_bonis,@wrojewski @seranodino Que el sistema de ingreso a facultades de medicina seleccione principalmente a chicas empoll‚Ä¶ https://t.co/hXpxJJwNDz,N/A,N/A,N/A,N/A
FLDSMDFR15,"Cuando eres una bestia de las matem√°ticas, gracias abuelito üòèüòè",N/A,N/A,N/A,N/A
FranciscoICMC,"@renatofrias_ Ol√° Renato, eu trabaho com Sistemas Complexos no Instittuto de Ci√™ncias Matem√°ticas e de Computa√ß√£o d‚Ä¶ https://t.co/JlKF7wc9zJ",N/A,N/A,N/A,N/A
claudii_RM99,"Le paso una integral a alguien q estudia matem√°ticas y me la acaba resolviendo alguien q estudia una ingenier√≠a, mu‚Ä¶ https://t.co/kmC0qVzzfI",N/A,N/A,N/A,N/A
Textweets,"N√∫mero Pi, una curiosa cifra utilizada para casi todo #Matem√°ticas https://t.co/M0RZ6dSv4B",N/A,N/A,N/A,N/A
hlizardo,"@bienvenidorv Esa suma da 51, eso quiere decir que a los Gigantes le ha conectado 7. Por simple matem√°ticas digo yo.",N/A,N/A,N/A,N/A
sabir_es,T√©cnicas para estudiar matem√°ticas                          https://t.co/Ot2MAQ414t,N/A,N/A,N/A,N/A
CoolTxacher,"@AlbxMiles, este @nojokesboutmath idiota es tu profesor de matem√°ticas.",N/A,N/A,N/A,N/A
carosantillan26,@CamiArevalo08 Y si boluda me pierdo una clase por estar ac√° y si entr√≥ a matem√°ticas te aseguro que √©l llega jajajaja,N/A,N/A,N/A,N/A
luispereira36,"A pesar que saque 3üòì en Matem√°ticas Financiera, salve la materia con 8üòÄ, pero aun no la puedo sacar en mi lista de‚Ä¶ https://t.co/sTn15Ns6ss",N/A,N/A,N/A,N/A
proyectosRams,Beneficios de las matem√°ticas. Por qu√© son importantes las matem√°ticas. | Matem√°tica Positiva https://t.co/60tcAhcNP9,N/A,N/A,N/A,N/A
asoy_83,"Cosas que no entiendo:
‚ÄîLa qu√≠mica.
‚ÄîLa f√≠sica.
‚ÄîLas matem√°ticas.
‚ÄîEl porqu√© te fuiste de mi vida cuando m√°s te necesitaba.",Salamanca,Mexico,N/A,N/A
OrianaMeezaa,Termino de desayunar y me pongo a hacer el trabajo de matematicas,N/A,N/A,N/A,N/A
maths4everthink,"Pues eso... infinitas #ideas en @mudic_ciencia 
LA #REVOLUCI√ìN MATEM√ÅTICA EST√Å A PUNTO DE LLEGAR #innovacion‚Ä¶ https://t.co/WEQTbMk4wh",N/A,N/A,N/A,N/A
Shaw_wme,Sabes matem√°ticas?? ‚Äî Si https://t.co/WIsB3MTwBE,N/A,N/A,N/A,N/A
oopsbrxd,"17_ No le gustan las matem√°ticas, se le dan horribles. Dice que hay dos tipos de persona: los que son buenos en len‚Ä¶ https://t.co/fvITiCJdtd",N/A,N/A,N/A,N/A
edo_barrera,Con mi Campeona de Olimpiadas de Matem√°ticas. Eres una Crack hija‚Ä¶ https://t.co/iWHUgSExy1,N/A,N/A,N/A,N/A
Ladysekh_70s,8. Odio los n√∫meros y las matem√°ticas. Por eso me com√≠ el 6 y el 7. Creo que tengo discalculia (dislexia con los n√∫‚Ä¶ https://t.co/fKqYVeewH5,N/A,N/A,N/A,N/A
SERhistoria,"Esta noche en #SERHistoria

#Gioconda #Monalisa
#cronoficci√≥n de @carmensocias
#cronovisor con @jcallejo‚Ä¶ https://t.co/1lJDSZMt5Y",N/A,N/A,N/A,N/A
ZandonaAriana,"Sos m√°s falsa que el ""Si, entend√≠"" de la clase de matem√°ticas.",N/A,N/A,N/A,N/A
fespm_es,"Melilla, #paseosmatematicos con Julia C√°rceles, que nos presenta el paseo con sus alumnos el d√≠a de las Matem√°ticas https://t.co/Ytg37ordyA",N/A,N/A,N/A,N/A
ADE_UNED,#GRADO #ADE #UNED #SEGUNDO Apuntes de Matem√°ticas Financieras https://t.co/86RdRkeZiC,N/A,N/A,N/A,N/A
Uber_Bolivia,¬°Ev√≠tate las matem√°ticas! La app de Uber divide la tarifa autom√°ticamente cuando lo necesitas. https://t.co/nc1OAzHP98,N/A,N/A,N/A,N/A
jmsreales,"""hemos de acostumbrarnos a penetrar siempre hasta la verdad √≠ntima de las cosas""Descartes
https://t.co/x7hMXkVL2h‚Ä¶ https://t.co/F9vHkXTgcG",N/A,N/A,N/A,N/A
syuloves,"como persona que estudi√≥ ambos solo quiero decir una cosa: aprend√≠ pronto de f√≠sica y matem√°ticas, pero hasta ahora‚Ä¶ https://t.co/cjuGHGz2zB",N/A,N/A,N/A,N/A
BjouJabMpsIJiOv,"En serio  Matem√°ticas  interesante

#Spanish",N/A,N/A,N/A,N/A
etrairi,"@SuenKGift Es cierto @SuenKGift; aparentemente si, pero todo sigue un orden superior en la historia. Conoces las ""M‚Ä¶ https://t.co/rURJx6SjrX",N/A,N/A,N/A,N/A
_jjimenez,Mi amigo @PachecoJAM  siempre d√°ndole al... coco. Yo creo que estudiar matem√°ticas nos afect√≥ m√°s de lo que pensamo‚Ä¶ https://t.co/5a7qI64FYe,N/A,N/A,N/A,N/A
maguilargt,Sangakoo quiere expandir el aprendizaje de matem√°ticas con una aula virtual https://t.co/mBnyPUdCZO,N/A,N/A,N/A,N/A
amaaai_,Quiero volver a mi infancia donde las matem√°ticas no ten√≠an letras porque he llegado a un punto donde no tienen ni n√∫meros.,N/A,N/A,N/A,N/A
cyberoswald,"No, solo lo entender√°n los que tienen un doble grado en M√∫sica y Matem√°ticas. üëå https://t.co/ZRm1nnW8SQ",N/A,N/A,N/A,N/A
MASolerNeira,"@carlescouso @bpberta No acatarla no lo es, claro que no, conculcarla desde una instituci√≥n en este caso s√≠ podr√≠a‚Ä¶ https://t.co/x1dcZf7QSj",N/A,N/A,N/A,N/A
oriolcaro,Rese√±a: ‚ÄúLas matem√°ticas vigilan tu salud‚Äù de Clara Grima y Enrique F. Borja https://t.co/KydVZEdoOV #ciencia #libros,N/A,N/A,N/A,N/A
Franco_E_Vicens,"11/11/2017, hace seis a√±os estaba compitiendo en el nacional de Olimp√≠adas Matem√°ticas. #BuenosMomentos",N/A,N/A,N/A,N/A
Julianmmag,Trabajamos manipulando para aprender matem√°ticas!! https://t.co/anJLjtGeJn,N/A,N/A,N/A,N/A
Artkeller7,"@isildur1poker En todas las disciplinas encuentras a gente muy inteligente la cual destaca (f√≠sica, teor√≠a econ√≥mica , matem√°ticas.. etc)",N/A,N/A,N/A,N/A
Garr_javiera,"Las matem√°ticas!! cuadr√°ticas, derivadas, ra√≠ces, y todo lo que tenga numeros y letras juntas üòÇüòùüò≠üò≠üò≠#CosasQueNoDomino",N/A,N/A,N/A,N/A
SERhistoria,"Esta noche en #SERHistoria

#Gioconda #Monalisa
#cronoficci√≥n de @carmensocias
#cronovisor con @jcallejo007‚Ä¶ https://t.co/7iUvgqgiZX",N/A,N/A,N/A,N/A
NataliVellejos,"Llego a mi casa y me est√°n esperando trabajos de pasant√≠as, prefiero quedarme en matem√°ticas",N/A,N/A,N/A,N/A
lovexpepe,@estebandelcampo diciendole a los fans carlucho no se resignen es yo diciendo voy a aprobar matematicas ... daleee https://t.co/oyZXAb8xAm,La Plata,Argentina,N/A,N/A
Argenttty,"La soluci√≥n de los problemas esta en el propio problema, o eso dicen las matem√°ticas muggles https://t.co/JY2yNm6An4",N/A,N/A,N/A,N/A
SantiGarciaCC,"Ra√≠z de 5 - Los l√≠mites en matem√°ticas y los l√≠mites del humor - 11/11/17, Ra√≠z de 5 - RTVE.es A la Carta https://t.co/58gviOXX2R v√≠a @rtve",N/A,N/A,N/A,N/A
hugsmolfese,"Yo en matem√°ticas:
@kndmolfese https://t.co/C6UX3o3Tv4",N/A,N/A,N/A,N/A
FranjaCultural,"N√∫mero Pi, una curiosa cifra utilizada para casi todo #Matem√°ticas https://t.co/nqcKT3cGLF",N/A,N/A,N/A,N/A
edsimon11,As√≠ como cuando las matem√°ticas no son lo tuyo y sales m√°s temprano de lo que deber√≠as de casa por un mal c√°lculo. https://t.co/Tqkjph21DH,N/A,N/A,N/A,N/A
Romina36816814,Exonere matematicas la puta madreü§ôüèªü§ôüèª,N/A,N/A,N/A,N/A
JOSERFIGUEROA3,LAS LEYES DE LA VIDA SON MAS CLARAS Y PRECISAS QUE LAS DE LA MATEMATICAS. DA PENA QUE UNAS NOS HAN HECHO CAMINAR EN‚Ä¶ https://t.co/OilrX2xL6M,United States,United States,N/A,N/A
AinoaRuiiz,"Esto de que piensas que te ha salido bien un ejercicio de matem√°ticas, miras el resultado y los apuntes me dicen: https://t.co/b6Onbha07w",N/A,N/A,N/A,N/A
mariete_10,Yo el martes en el examen de matem√°ticas :$ https://t.co/9XLbIzkHMz,N/A,N/A,N/A,N/A
yoloxokotl,Equipo de la CDMX gana Olimpiada de Matem√°ticas en NL https://t.co/3iRc2H4fdw,N/A,N/A,N/A,N/A
abru_totty,@bts_bighit Por ustedes me pongo las pilas en matem√°ticas üíï,N/A,N/A,N/A,N/A
dr_bonis,@wrojewski @seranodino Que el sistema de ingreso a facultades de medicina seleccione principalmente a chicas empoll‚Ä¶ https://t.co/hXpxJJwNDz,N/A,N/A,N/A,N/A
FLDSMDFR15,"Cuando eres una bestia de las matem√°ticas, gracias abuelito üòèüòè",N/A,N/A,N/A,N/A
FranciscoICMC,"@renatofrias_ Ol√° Renato, eu trabaho com Sistemas Complexos no Instittuto de Ci√™ncias Matem√°ticas e de Computa√ß√£o d‚Ä¶ https://t.co/JlKF7wc9zJ",N/A,N/A,N/A,N/A
claudii_RM99,"Le paso una integral a alguien q estudia matem√°ticas y me la acaba resolviendo alguien q estudia una ingenier√≠a, mu‚Ä¶ https://t.co/kmC0qVzzfI",N/A,N/A,N/A,N/A
Textweets,"N√∫mero Pi, una curiosa cifra utilizada para casi todo #Matem√°ticas https://t.co/M0RZ6dSv4B",N/A,N/A,N/A,N/A
hlizardo,"@bienvenidorv Esa suma da 51, eso quiere decir que a los Gigantes le ha conectado 7. Por simple matem√°ticas digo yo.",N/A,N/A,N/A,N/A
sabir_es,T√©cnicas para estudiar matem√°ticas                          https://t.co/Ot2MAQ414t,N/A,N/A,N/A,N/A
CoolTxacher,"@AlbxMiles, este @nojokesboutmath idiota es tu profesor de matem√°ticas.",N/A,N/A,N/A,N/A
carosantillan26,@CamiArevalo08 Y si boluda me pierdo una clase por estar ac√° y si entr√≥ a matem√°ticas te aseguro que √©l llega jajajaja,N/A,N/A,N/A,N/A
luispereira36,"A pesar que saque 3üòì en Matem√°ticas Financiera, salve la materia con 8üòÄ, pero aun no la puedo sacar en mi lista de‚Ä¶ https://t.co/sTn15Ns6ss",N/A,N/A,N/A,N/A
proyectosRams,Beneficios de las matem√°ticas. Por qu√© son importantes las matem√°ticas. | Matem√°tica Positiva https://t.co/60tcAhcNP9,N/A,N/A,N/A,N/A
asoy_83,"Cosas que no entiendo:
‚ÄîLa qu√≠mica.
‚ÄîLa f√≠sica.
‚ÄîLas matem√°ticas.
‚ÄîEl porqu√© te fuiste de mi vida cuando m√°s te necesitaba.",Salamanca,Mexico,N/A,N/A
nicolargacha,Parece que siguen con ‚Äúproblemas de matematicas los muchachos‚Äù https://t.co/sRr20QW5av,N/A,N/A,N/A,N/A
karoloRafael,@ierrejon De matem√°ticas andas malllll. Y de sentido com√∫n .... peor. Lo de creer que todo el mundo es tonto......‚Ä¶ https://t.co/VXOWhTSmA5,N/A,N/A,N/A,N/A
palkatiao,"#CosasQueNoDomino las matem√°ticas q no sean las 4 operaciones
Por geometr√≠a, ecuaciones y √°lgebra cagu√© en media y‚Ä¶ https://t.co/rfthqvvwVU",N/A,N/A,N/A,N/A
dybalamyjewel,Pusieron en el grupo de mi colegio que hoy hay taller de matem√°ticas PERO ME CHUPA UN HUEVO PORQUE HOY JUEGA ARGENTINA AMIGIS,N/A,N/A,N/A,N/A
CIPenacorada,El crack de las matem√°ticas de 6 a√±os que ha pasado 5 de ellos en el hospital https://t.co/icnYSSIsoC v√≠a @abc_es,N/A,N/A,N/A,N/A
DelegacionEPS,"¬øC√≥mo podemos solucionar el problema de las academias, por ej. si nos exigen en primero de carrera un nivel de mate‚Ä¶ https://t.co/nCmFjyqFm9",N/A,N/A,N/A,N/A
MamsSolas,https://t.co/I9rVXGWFBl https://t.co/HImxdthl5L,N/A,N/A,N/A,N/A
sanz_ismael,"El efecto de los estereotipos en la diferencia de resultados en matem√°ticas entre alumnos y alumnas. Carlana, Bocco‚Ä¶ https://t.co/Hm7dRPdXzH",N/A,N/A,N/A,N/A
BecaColombianos,Estados Unidos: Becas Para Pregrado en Matem√°ticas UCLA¬† https://t.co/8xtaWblnCl,N/A,N/A,N/A,N/A
MileRivarola_,"hoy voy a ir a particular de matem√°ticas, no s√© para qu√© si igual me la voy a llevar",N/A,N/A,N/A,N/A
Erikinhah_C,@ProENEMOficial Eu n√£o entendi a rela√ß√£o do MRU e do MRUV com fun√ßoes matem√°ticas. Pode me explicar? #EuvoudeProEnem,N/A,N/A,N/A,N/A
umana0914,"@eduardito38tito recuerdo a alberto soto,de biologia humberto cabezas de matematicas,y a pelo de coco de estetica,a pardo de const ,civiles.",N/A,N/A,N/A,N/A
cris_suarez14,"Sol te hubieran echo caso, me saque un 2 en matem√°ticas ME RE GARCHO EL GIL (todav√≠a no lo supero)",N/A,N/A,N/A,N/A
solrochaok1,Matem√°ticas salvada ‚ÄºÔ∏è,N/A,N/A,N/A,N/A
Sweats_me,En materias como Matem√°ticas esforzarse los primeros 2 cortes es el negocio. Puede sonar mediocre y todo pero con u‚Ä¶ https://t.co/DORLEplnOM,N/A,N/A,N/A,N/A
choquerax,"@balkraix Me encanta las matem√°ticas y se me dan genial, ha qui√©n culpo o agradezco?",N/A,N/A,N/A,N/A
cyberoswald,"No, solo lo entender√°n los que tienen un doble grado en M√∫sica y Matem√°ticas. üëå https://t.co/ZRm1nnW8SQ",N/A,N/A,N/A,N/A
MASolerNeira,"@carlescouso @bpberta No acatarla no lo es, claro que no, conculcarla desde una instituci√≥n en este caso s√≠ podr√≠a‚Ä¶ https://t.co/x1dcZf7QSj",N/A,N/A,N/A,N/A
oriolcaro,Rese√±a: ‚ÄúLas matem√°ticas vigilan tu salud‚Äù de Clara Grima y Enrique F. Borja https://t.co/KydVZEdoOV #ciencia #libros,N/A,N/A,N/A,N/A
Franco_E_Vicens,"11/11/2017, hace seis a√±os estaba compitiendo en el nacional de Olimp√≠adas Matem√°ticas. #BuenosMomentos",N/A,N/A,N/A,N/A
Julianmmag,Trabajamos manipulando para aprender matem√°ticas!! https://t.co/anJLjtGeJn,N/A,N/A,N/A,N/A
Artkeller7,"@isildur1poker En todas las disciplinas encuentras a gente muy inteligente la cual destaca (f√≠sica, teor√≠a econ√≥mica , matem√°ticas.. etc)",N/A,N/A,N/A,N/A
Garr_javiera,"Las matem√°ticas!! cuadr√°ticas, derivadas, ra√≠ces, y todo lo que tenga numeros y letras juntas üòÇüòùüò≠üò≠üò≠#CosasQueNoDomino",N/A,N/A,N/A,N/A
SERhistoria,"Esta noche en #SERHistoria

#Gioconda #Monalisa
#cronoficci√≥n de @carmensocias
#cronovisor con @jcallejo007‚Ä¶ https://t.co/7iUvgqgiZX",N/A,N/A,N/A,N/A
NataliVellejos,"Llego a mi casa y me est√°n esperando trabajos de pasant√≠as, prefiero quedarme en matem√°ticas",N/A,N/A,N/A,N/A
lovexpepe,@estebandelcampo diciendole a los fans carlucho no se resignen es yo diciendo voy a aprobar matematicas ... daleee https://t.co/oyZXAb8xAm,La Plata,Argentina,N/A,N/A
Argenttty,"La soluci√≥n de los problemas esta en el propio problema, o eso dicen las matem√°ticas muggles https://t.co/JY2yNm6An4",N/A,N/A,N/A,N/A
SantiGarciaCC,"Ra√≠z de 5 - Los l√≠mites en matem√°ticas y los l√≠mites del humor - 11/11/17, Ra√≠z de 5 - RTVE.es A la Carta https://t.co/58gviOXX2R v√≠a @rtve",N/A,N/A,N/A,N/A
hugsmolfese,"Yo en matem√°ticas:
@kndmolfese https://t.co/C6UX3o3Tv4",N/A,N/A,N/A,N/A
FranjaCultural,"N√∫mero Pi, una curiosa cifra utilizada para casi todo #Matem√°ticas https://t.co/nqcKT3cGLF",N/A,N/A,N/A,N/A
edsimon11,As√≠ como cuando las matem√°ticas no son lo tuyo y sales m√°s temprano de lo que deber√≠as de casa por un mal c√°lculo. https://t.co/Tqkjph21DH,N/A,N/A,N/A,N/A
Romina36816814,Exonere matematicas la puta madreü§ôüèªü§ôüèª,N/A,N/A,N/A,N/A
JOSERFIGUEROA3,LAS LEYES DE LA VIDA SON MAS CLARAS Y PRECISAS QUE LAS DE LA MATEMATICAS. DA PENA QUE UNAS NOS HAN HECHO CAMINAR EN‚Ä¶ https://t.co/OilrX2xL6M,United States,United States,N/A,N/A
vivmarquez,matematicas matematicas,"Bogot√°, D.C.",Colombia,N/A,N/A
whybyunbaek,amo responder quest√µes matem√°ticas fico com uma auto estima 100000/10,N/A,N/A,N/A,N/A
efimerosis,estoy hasta el pico con matem√°ticas de verdad qu√© es esta tortura asi√°tica del siglo quinto,N/A,N/A,N/A,N/A
Josefiina_MM,"Ya me veo en diciembre con matem√°ticas, que mierda de materia essss",N/A,N/A,N/A,N/A
gs_liliam,Matem√°ticas me tienes hartaaaüôÑüôÑ,N/A,N/A,N/A,N/A
yosangel_Rios01,MRK Gustavo me ha hecho pasar m√°s sustos que un ex√°men de matem√°ticas #SinSenosSiHayParaiso,N/A,N/A,N/A,N/A
TetsuyAbyss,"No, t√∫ no puedes decir que amas las matem√°ticas si en tu vida has visto C√°lculo Integral. Bai.",N/A,N/A,N/A,N/A
DavidBoffaOK,"@cristianfer1978 Dale, yo estudio matem√°ticas y vos estudia derecho. ROBAR ES UN DELITO! No se justifica NUNCA. Par‚Ä¶ https://t.co/Wr5wmqfJCp",N/A,N/A,N/A,N/A
__Mugiwaraa,En la Universidad uno se estrella y se da cuenta de que nada en la vida es f√°cil. Yo cre√≠a que ser profesor de mate‚Ä¶ https://t.co/KzxWdaVEgV,N/A,N/A,N/A,N/A
AinaraLucumi,"N√∫mero Pi, una curiosa cifra utilizada para casi todo #Matem√°ticas https://t.co/wNX0d9a9Gs",N/A,N/A,N/A,N/A
rodri_kohan,"@DuazJulian @esteban_park_ 
J: chino de mierda volvete a tu pa√≠s 
R: chino anda al gabinete de matem√°ticas",N/A,N/A,N/A,N/A
arachanitas,Estoy en la categor√≠a c de la prueba final de matem√°ticas. https://t.co/c0jNR4w39u,N/A,N/A,N/A,N/A
Reina_zenere,"- Como te iba en el colegio ?
+ Me lleve matem√°ticas @VaLuZenere  vos representandonos siempre üíóüòÇ https://t.co/dNTkVISkgK",N/A,N/A,N/A,N/A
AbigailGaiil,Hoy hice la integrado de matem√°ticas pero no creo que apruebe,N/A,N/A,N/A,N/A
altamirano1033,"Espero aprobar dibujo, taller, matematicas y ed tecno ajjajajajajajs",N/A,N/A,N/A,N/A
Cristianjim15,Unos farriando y yo aqui haciendo la nivelaci√≥n de matem√°ticas üòÇüòÇüòÇ,N/A,N/A,N/A,N/A
matetam_,Resultados de Tamaulipas en la 31 Olimpiada Mexicana de Matem√°ticas. ¬°Felicidades a todos los participantes! https://t.co/tqyezqBNjX,N/A,N/A,N/A,N/A
Guada_Rbt,"Te explican un tema nuevo en matem√°ticas y vos...
Y yo tambi√©n ahre https://t.co/VMQ3IApvzs",N/A,N/A,N/A,N/A
AngelaAyala_g,"‚ÄîEste mes me inscrib√≠ a clases de matem√°ticas.
‚Äî¬øY c√≥mo vas?
‚ÄîPues me lleva mi pap√°.",N/A,N/A,N/A,N/A
Avri_R,"Los unicos youtubers que tienen mis respetos son esos que te explican filosofia, matematicas o historia el resto son todos pelotudos",N/A,N/A,N/A,N/A
piercethxsirxns,"Una vez mi profe de matem√°ticas me dijo esta wea estaba que le respond√≠a ""como deci esa wea amate un poco"" https://t.co/Vfn2jWavot",N/A,N/A,N/A,N/A
msn_es,Apps para que nuestros hijos aprendan matem√°ticas y adem√°s se diviertan https://t.co/iXlMaBRSqj https://t.co/JgbCpUlA3v,N/A,N/A,N/A,N/A
PendejaEmbobada,-No entiendl una bosta de matem√°ticas y me mandan integradora. Que lindooo,N/A,N/A,N/A,N/A
LeoAguilasCA,Amo Matem√°ticas Financieras pero se pasaron con la gu√≠a  üò£üò£üò£,N/A,N/A,N/A,N/A
KariOrtizAmp,"Sabes que fue un buen d√≠a, cuando tu profe de Matem√°ticas Financieras te exenta üëèüèª",N/A,N/A,N/A,N/A
HernanOlivares_,No podre twitiar en matematicas #meenoja,N/A,N/A,N/A,N/A
danielazam_,Viernes con V de val√≠ verga en matem√°ticas,N/A,N/A,N/A,N/A
GustavoVela71,J√≥venes mexican@s orgullo. Ganan Olimpiada Mexicana de Matem√°ticas https://t.co/aDhJHDfkUp,N/A,N/A,N/A,N/A
Desperate_Moon,&lt;- La que dijo que nunca iba a estudiar nada de pol√≠tica ni matem√°ticas (√©stas - muy seguramente - regresar√°n despu‚Ä¶ https://t.co/ts9VQ4vMnn,N/A,N/A,N/A,N/A
torressteph35,"Perd√≠ una semana de uni y cre√≠ que estar√≠a chillin‚Äô, luego record√© matem√°ticas... pu√±e",N/A,N/A,N/A,N/A
CaroldoDoc,Ela faz previs√µes matem√°ticas ela. üòù https://t.co/Q7CSrpdM7R,N/A,N/A,N/A,N/A
melanieetatiana,Matematicas jajajajaaj https://t.co/A6amQgkVFu,N/A,N/A,N/A,N/A
AngelCabasC,"As√≠ es, pero los dem√°s tambien aprendimos a matem√°ticas. No hay un mal que un bien no traiga. Perder por conocer no‚Ä¶ https://t.co/oRsigKkXFj",N/A,N/A,N/A,N/A
gay4mychem,Confio tanto nas minhas habilidades matem√°ticas que uma conta de 5 de diferen√ßa eu coloquei na calculadora pra ter certeza,N/A,N/A,N/A,N/A
iSaca____,"Hoy fue un buen d√≠a, entend√≠ matem√°ticas, le ca√≠ bien a una profesora ruda, llegu√© temprano de la uni, tom√© caf√© co‚Ä¶ https://t.co/hO7lKDMEzU",N/A,N/A,N/A,N/A
santy800000000,"@JuanjoBaenaGD Eres tonto, en serio, ojal√° pierdas el final de matem√°ticas xD.",N/A,N/A,N/A,N/A
Vadenuezotravez,"@sperezattias Con f√≥rmulas matem√°ticas, no s√©, pero as√≠, s√≠: a mayor consumo mas ingreso+sistema deshumanizado+pend‚Ä¶ https://t.co/dDLgs7lDZ7",N/A,N/A,N/A,N/A
SaakftRk,"Mi hermano sac√≥ 9 en matem√°ticas, no miden mi orgullo lit el solito sac√≥ esa calificaci√≥n üíï",N/A,N/A,N/A,N/A
MarthaZepeda_,Colima gana un oro y una plata en¬†Olimpiada Nacional de Matem√°ticas https://t.co/0lGGx2x18s,N/A,N/A,N/A,N/A
bettymmar,@SergioHollosy @Cupetin_de_Brea @PabloNe27330069 @radiomitre pobre acotaci√≥n para un profe de matem√°ticas.,N/A,N/A,N/A,N/A
luujurado05,"No s√© para qu√© me pongo a practicar matem√°ticas, si igual me va a ir para el culo",N/A,N/A,N/A,N/A
LTORTOLEDO,"PREFIERO GANARME $250 COMO BEDELE O VENDEDOR DE TIZANA, QUE $10 COMO PROFESOR DE MATEMATICAS. RAZONA PANA!",N/A,N/A,N/A,N/A
EcosCosta,Colima gana un oro y una plata en¬†Olimpiada Nacional de Matem√°ticas - https://t.co/LyDocXhcXe https://t.co/BhkutmMeAp,N/A,N/A,N/A,N/A
LTORTOLEDO,@camuniafilada @yacuare @ROGERDHIO @ZambranCarmen @FreddyGuevaraC @ffm_oficial @rhm1947 @DONKANDAVILA‚Ä¶ https://t.co/jBrNMsC0Gi,N/A,N/A,N/A,N/A
ElsaM34Baez3,Y entonces Satan√°s dijo 'Hay que combinar las matem√°ticas y el abecedario.' - ven-a-dormir-conmigo: Fuck u...,N/A,N/A,N/A,N/A
DoctorGangTV,El otro d√≠a mientras hac√≠amos un problema de matem√°ticas un ni√±o hizo un comentario que no me gust√≥ as√≠ que tuvimos‚Ä¶ https://t.co/zY080QTNzC,N/A,N/A,N/A,N/A
valtersus,la de matem√°ticas que se la suda completamente el timbre https://t.co/bM544O6cmp,N/A,N/A,N/A,N/A
donAlvar,"Yo tuiteo puras mamertadas, de vez en cuando un chiste, y a√∫n m√°s de vez en cuando, alguna cosa de f√≠sica o matem√°ticas o algo as√≠.",N/A,N/A,N/A,N/A
MalaNoche_Bey,"Se sufre ( - )
Que te d√© ( = )
No complicarse la vida de ( + )
Ni preocupes ( x ) todo. 

Matem√°ticas simples.
üòâüòé",N/A,N/A,N/A,N/A
RiquettShely,Matem√°ticas me da√±aste todooooooüò≠üò≠üò≠üò≠üò≠,N/A,N/A,N/A,N/A
Katalanskt,Una profesora de matem√°ticas ha puesto en orden las cifras de intervenciones PN/GC durante el #CatalanReferendum #1‚Ä¶ https://t.co/PHSSLxa1Eb,N/A,N/A,N/A,N/A
ArturoGarzaJ,Neurosis acompa√±ada de tres diferentes sue√±os recurrentes. Hoy tuve el del examen de matem√°ticas : /,N/A,N/A,N/A,N/A
carloszurita_69,cuando mi profe de matem√°ticas me manda deberes infinitos https://t.co/X8QOJ4fCnc,N/A,N/A,N/A,N/A
JoseAnt74336,"De verdad, no se quien tiene la raz√≥n en este conflicto laboral, pero las p√©rdidas econ√≥micas las tienen, sobre   t‚Ä¶ https://t.co/gW9C8uiOc8",N/A,N/A,N/A,N/A
Zeta135,@lidersanantonio a esta hora en olimpiadas de matem√°ticas en liceo comercial de San Antonio @imsanantonio https://t.co/SYTJnkoWqt,N/A,N/A,N/A,N/A
dz_step,@SrtoQuimico Y por qu√© no estudiaste matem√°ticas? O f√≠sica,N/A,N/A,N/A,N/A
vlsofiamartinez,Matem√°ticas hijas de perra.,N/A,N/A,N/A,N/A
MatiRM14,"@titomanya98 Jajajaja olv√≠date. Igual, lejos es la mejor profesora de matem√°ticas de ac√° üôÑü§∑üèª‚Äç‚ôÇÔ∏è",N/A,N/A,N/A,N/A
Reportes24H,"N√∫mero Pi, una curiosa cifra utilizada para casi todo #Matem√°ticas https://t.co/pLborZGPLn",N/A,N/A,N/A,N/A
cspnvitacura,Nuestros estudiantes compartiendo.con la comunidad Nolasquina sus aprendizajes en matem√°ticas.‚Ä¶ https://t.co/g4PDtOgzuM,N/A,N/A,N/A,N/A
fund_emprepolis,"Conoce m√°s sobre #Autodidacta, la app que busca revolucionar la ense√±anza de las matem√°ticas en la sala de clases‚Ä¶ https://t.co/LwJK88Xnq0",N/A,N/A,N/A,N/A
XartzDesginer,Tengo que tomar una absurda clase de matem√°ticas en s√°bado üò≠üò≠üò≠üò≠,N/A,N/A,N/A,N/A
TorrasJan,"@29Margood @catsanemay @Berlustinho No, no, es peor. Ya no son ni los padres, son los colegios que quitan tiempo de‚Ä¶ https://t.co/FWw6Tl25RH",N/A,N/A,N/A,N/A
ladythelunatic,8- Siempre se me dieron fatal fatal fatalmente horrible las matem√°ticas.,N/A,N/A,N/A,N/A
Damian_ms,Me da verguenza que mi hermano menor sea mejor que yo en matematicas üíî,N/A,N/A,N/A,N/A
ilusuenios,"¬øVos me estas contest a mi? Si yo no juzgo a nadie. Solo expongo matematicas. Pero ademas, debieras leerme para ent‚Ä¶ https://t.co/PVbr3oQOcJ",N/A,N/A,N/A,N/A
rulodeanda,Gimnasios donde ni√±os de las comunidades mas violentas aprenden matem√°ticas e ingles a cambio de poder hacer deport‚Ä¶ https://t.co/wJQIkNaoFM,N/A,N/A,N/A,N/A
LauraGarciaG__,"Yo s√≠ sab√≠a que en matem√°ticas me iba a ir bien, jajajaüíÖüèª",N/A,N/A,N/A,N/A
RuiiMelo,Por isso √© que gosto de matem√°ticas... Nunca gostei de decorar merdas https://t.co/zJ1w2Rg0To,N/A,N/A,N/A,N/A
